station_name,time,total_traffic
七堡站,2019-01-01,9481
三坝站,2019-01-01,22779
三墩站,2019-01-01,19531
下沙江滨站,2019-01-01,19337
下沙西站,2019-01-01,10488
中医药大学站,2019-01-01,23632
中河北路站,2019-01-01,18133
丰潭路站,2019-01-01,29262
临平站,2019-01-01,51514
乔司南站,2019-01-01,7939
乔司站,2019-01-01,33227
九和路站,2019-01-01,23227
九堡站,2019-01-01,20959
云水站,2019-01-01,20776
人民广场站,2019-01-01,24710
人民路站,2019-01-01,20272
余杭高铁站,2019-01-01,10026
凤起路A站,2019-01-01,72913
凤起路B站,2019-01-01,31819
南星桥站,2019-01-01,13041
南苑站,2019-01-01,16164
古翠路站,2019-01-01,26974
城星路站,2019-01-01,7964
城站,2019-01-01,85737
墩祥街站,2019-01-01,19279
复兴路站,2019-01-01,7223
婺江路站,2019-01-01,26745
学院路站,2019-01-01,24455
定安路站,2019-01-01,64963
客运中心站,2019-01-01,70821
市民中心站,2019-01-01,24916
庆春广场站,2019-01-01,20512
庆菱路站,2019-01-01,17528
建国北路站,2019-01-01,20564
建设一路站,2019-01-01,10517
建设三路站,2019-01-01,17590
彭埠站,2019-01-01,33507
打铁关站,2019-01-01,38674
振宁路站,2019-01-01,21745
文新站,2019-01-01,26328
文泽路站,2019-01-01,61774
文海南路站,2019-01-01,51652
新塘站,2019-01-01,10328
新风站,2019-01-01,6752
景芳站,2019-01-01,29496
曹家桥站,2019-01-01,7466
朝阳站,2019-01-01,17422
杜甫村站,2019-01-01,20507
杨家墩站,2019-01-01,19599
杭发厂站,2019-01-01,29869
武林广场站,2019-01-01,75760
武林门站,2019-01-01,21874
水澄桥站,2019-01-01,13590
江锦路站,2019-01-01,21730
江陵路站,2019-01-01,45818
沈塘桥站,2019-01-01,22417
浦沿站,2019-01-01,15656
湘湖站,2019-01-01,22729
滨和路站,2019-01-01,24385
滨康路站,2019-01-01,12477
潘水站,2019-01-01,12786
火车东站,2019-01-01,357089
甬江路站,2019-01-01,4639
白洋站,2019-01-01,9176
盈丰路站,2019-01-01,12349
翁梅站,2019-01-01,22443
联庄站,2019-01-01,17751
良渚站,2019-01-01,13644
虾龙圩站,2019-01-01,20120
西兴站,2019-01-01,32289
西湖文化广场站,2019-01-01,48386
近江站,2019-01-01,24263
金家渡站,2019-01-01,24493
金沙湖站,2019-01-01,53702
钱江世纪城站,2019-01-01,13836
钱江路站,2019-01-01,29982
闸弄口站,2019-01-01,36247
飞虹路站,2019-01-01,18243
高沙路站,2019-01-01,24022
龙翔桥站,2019-01-01,167448
七堡站,2019-01-02,15282
三坝站,2019-01-02,28988
三墩站,2019-01-02,24233
下沙江滨站,2019-01-02,18554
下沙西站,2019-01-02,13853
中医药大学站,2019-01-02,21260
中河北路站,2019-01-02,26177
丰潭路站,2019-01-02,32714
临平站,2019-01-02,46194
乔司南站,2019-01-02,9081
乔司站,2019-01-02,20084
九和路站,2019-01-02,36538
九堡站,2019-01-02,20460
云水站,2019-01-02,19281
人民广场站,2019-01-02,23402
人民路站,2019-01-02,20372
余杭高铁站,2019-01-02,9210
凤起路A站,2019-01-02,49822
凤起路B站,2019-01-02,22310
南星桥站,2019-01-02,23845
南苑站,2019-01-02,16789
古翠路站,2019-01-02,40598
城星路站,2019-01-02,31559
城站,2019-01-02,68527
墩祥街站,2019-01-02,22692
复兴路站,2019-01-02,8429
婺江路站,2019-01-02,20399
学院路站,2019-01-02,33549
定安路站,2019-01-02,44528
客运中心站,2019-01-02,52337
市民中心站,2019-01-02,31853
庆春广场站,2019-01-02,34236
庆菱路站,2019-01-02,22682
建国北路站,2019-01-02,30703
建设一路站,2019-01-02,13070
建设三路站,2019-01-02,20467
彭埠站,2019-01-02,46013
打铁关站,2019-01-02,44307
振宁路站,2019-01-02,26666
文新站,2019-01-02,28423
文泽路站,2019-01-02,36402
文海南路站,2019-01-02,33484
新塘站,2019-01-02,12404
新风站,2019-01-02,10287
景芳站,2019-01-02,32637
曹家桥站,2019-01-02,8922
朝阳站,2019-01-02,14611
杜甫村站,2019-01-02,16378
杨家墩站,2019-01-02,12144
杭发厂站,2019-01-02,20005
武林广场站,2019-01-02,52344
武林门站,2019-01-02,32312
水澄桥站,2019-01-02,12897
江锦路站,2019-01-02,30144
江陵路站,2019-01-02,74391
沈塘桥站,2019-01-02,37682
浦沿站,2019-01-02,13743
湘湖站,2019-01-02,20746
滨和路站,2019-01-02,27402
滨康路站,2019-01-02,13590
潘水站,2019-01-02,11542
火车东站,2019-01-02,192040
甬江路站,2019-01-02,6503
白洋站,2019-01-02,10857
盈丰路站,2019-01-02,22679
翁梅站,2019-01-02,16425
联庄站,2019-01-02,20158
良渚站,2019-01-02,12891
虾龙圩站,2019-01-02,20276
西兴站,2019-01-02,38122
西湖文化广场站,2019-01-02,50910
近江站,2019-01-02,42534
金家渡站,2019-01-02,23339
金沙湖站,2019-01-02,43321
钱江世纪城站,2019-01-02,23924
钱江路站,2019-01-02,41113
闸弄口站,2019-01-02,41042
飞虹路站,2019-01-02,21354
高沙路站,2019-01-02,20517
龙翔桥站,2019-01-02,84903
七堡站,2019-01-03,15379
三坝站,2019-01-03,28260
三墩站,2019-01-03,23119
下沙江滨站,2019-01-03,18013
下沙西站,2019-01-03,14105
中医药大学站,2019-01-03,19698
中河北路站,2019-01-03,25380
丰潭路站,2019-01-03,32006
临平站,2019-01-03,44168
乔司南站,2019-01-03,8924
乔司站,2019-01-03,19167
九和路站,2019-01-03,35933
九堡站,2019-01-03,20041
云水站,2019-01-03,18717
人民广场站,2019-01-03,23200
人民路站,2019-01-03,20276
余杭高铁站,2019-01-03,8142
凤起路A站,2019-01-03,48971
凤起路B站,2019-01-03,22674
南星桥站,2019-01-03,24116
南苑站,2019-01-03,16743
古翠路站,2019-01-03,39462
城星路站,2019-01-03,32037
城站,2019-01-03,62235
墩祥街站,2019-01-03,22143
复兴路站,2019-01-03,8190
婺江路站,2019-01-03,20037
学院路站,2019-01-03,33180
定安路站,2019-01-03,43600
客运中心站,2019-01-03,49043
市民中心站,2019-01-03,32062
庆春广场站,2019-01-03,35703
庆菱路站,2019-01-03,22256
建国北路站,2019-01-03,30000
建设一路站,2019-01-03,12998
建设三路站,2019-01-03,20364
彭埠站,2019-01-03,46673
打铁关站,2019-01-03,43255
振宁路站,2019-01-03,26600
文新站,2019-01-03,27810
文泽路站,2019-01-03,33610
文海南路站,2019-01-03,31296
新塘站,2019-01-03,12877
新风站,2019-01-03,10507
景芳站,2019-01-03,33018
曹家桥站,2019-01-03,8987
朝阳站,2019-01-03,14177
杜甫村站,2019-01-03,16065
杨家墩站,2019-01-03,11123
杭发厂站,2019-01-03,19245
武林广场站,2019-01-03,48158
武林门站,2019-01-03,33106
水澄桥站,2019-01-03,12480
江锦路站,2019-01-03,29976
江陵路站,2019-01-03,74084
沈塘桥站,2019-01-03,37907
浦沿站,2019-01-03,12842
湘湖站,2019-01-03,20846
滨和路站,2019-01-03,26128
滨康路站,2019-01-03,13431
潘水站,2019-01-03,11600
火车东站,2019-01-03,151975
甬江路站,2019-01-03,6572
白洋站,2019-01-03,10804
盈丰路站,2019-01-03,23318
翁梅站,2019-01-03,15384
联庄站,2019-01-03,19619
良渚站,2019-01-03,12126
虾龙圩站,2019-01-03,20473
西兴站,2019-01-03,36721
西湖文化广场站,2019-01-03,50650
近江站,2019-01-03,43814
金家渡站,2019-01-03,22867
金沙湖站,2019-01-03,42775
钱江世纪城站,2019-01-03,24308
钱江路站,2019-01-03,42101
闸弄口站,2019-01-03,40372
飞虹路站,2019-01-03,21375
高沙路站,2019-01-03,20899
龙翔桥站,2019-01-03,81175
七堡站,2019-01-04,15401
三坝站,2019-01-04,30710
三墩站,2019-01-04,24011
下沙江滨站,2019-01-04,18710
下沙西站,2019-01-04,13694
中医药大学站,2019-01-04,21597
中河北路站,2019-01-04,27215
丰潭路站,2019-01-04,33557
临平站,2019-01-04,45646
乔司南站,2019-01-04,9189
乔司站,2019-01-04,18873
九和路站,2019-01-04,35600
九堡站,2019-01-04,20298
云水站,2019-01-04,21343
人民广场站,2019-01-04,25128
人民路站,2019-01-04,21284
余杭高铁站,2019-01-04,8797
凤起路A站,2019-01-04,52406
凤起路B站,2019-01-04,23151
南星桥站,2019-01-04,25030
南苑站,2019-01-04,16742
古翠路站,2019-01-04,41786
城星路站,2019-01-04,31613
城站,2019-01-04,64176
墩祥街站,2019-01-04,22860
复兴路站,2019-01-04,8530
婺江路站,2019-01-04,20144
学院路站,2019-01-04,35560
定安路站,2019-01-04,44629
客运中心站,2019-01-04,50477
市民中心站,2019-01-04,34182
庆春广场站,2019-01-04,36454
庆菱路站,2019-01-04,23841
建国北路站,2019-01-04,31903
建设一路站,2019-01-04,13349
建设三路站,2019-01-04,20469
彭埠站,2019-01-04,47705
打铁关站,2019-01-04,45253
振宁路站,2019-01-04,27189
文新站,2019-01-04,30007
文泽路站,2019-01-04,38941
文海南路站,2019-01-04,36929
新塘站,2019-01-04,12720
新风站,2019-01-04,10482
景芳站,2019-01-04,35967
曹家桥站,2019-01-04,9131
朝阳站,2019-01-04,15465
杜甫村站,2019-01-04,16826
杨家墩站,2019-01-04,12482
杭发厂站,2019-01-04,21427
武林广场站,2019-01-04,54283
武林门站,2019-01-04,32357
水澄桥站,2019-01-04,13755
江锦路站,2019-01-04,32631
江陵路站,2019-01-04,76143
沈塘桥站,2019-01-04,40023
浦沿站,2019-01-04,14181
湘湖站,2019-01-04,20374
滨和路站,2019-01-04,27992
滨康路站,2019-01-04,13379
潘水站,2019-01-04,12463
火车东站,2019-01-04,180933
甬江路站,2019-01-04,6805
白洋站,2019-01-04,10882
盈丰路站,2019-01-04,23993
翁梅站,2019-01-04,14917
联庄站,2019-01-04,20938
良渚站,2019-01-04,12386
虾龙圩站,2019-01-04,21862
西兴站,2019-01-04,38742
西湖文化广场站,2019-01-04,53291
近江站,2019-01-04,44558
金家渡站,2019-01-04,24177
金沙湖站,2019-01-04,46317
钱江世纪城站,2019-01-04,25665
钱江路站,2019-01-04,43804
闸弄口站,2019-01-04,42283
飞虹路站,2019-01-04,21973
高沙路站,2019-01-04,22200
龙翔桥站,2019-01-04,81656
七堡站,2019-01-05,10281
三坝站,2019-01-05,25572
三墩站,2019-01-05,18874
下沙江滨站,2019-01-05,15911
下沙西站,2019-01-05,10808
中医药大学站,2019-01-05,17365
中河北路站,2019-01-05,20071
丰潭路站,2019-01-05,26590
临平站,2019-01-05,37993
乔司南站,2019-01-05,7663
乔司站,2019-01-05,20458
九和路站,2019-01-05,26082
九堡站,2019-01-05,17828
云水站,2019-01-05,18218
人民广场站,2019-01-05,24960
人民路站,2019-01-05,20109
余杭高铁站,2019-01-05,6905
凤起路A站,2019-01-05,55295
凤起路B站,2019-01-05,23896
南星桥站,2019-01-05,15464
南苑站,2019-01-05,14486
古翠路站,2019-01-05,28377
城星路站,2019-01-05,12714
城站,2019-01-05,52245
墩祥街站,2019-01-05,18687
复兴路站,2019-01-05,6883
婺江路站,2019-01-05,17337
学院路站,2019-01-05,26344
定安路站,2019-01-05,46047
客运中心站,2019-01-05,44706
市民中心站,2019-01-05,33086
庆春广场站,2019-01-05,25970
庆菱路站,2019-01-05,18868
建国北路站,2019-01-05,24202
建设一路站,2019-01-05,9848
建设三路站,2019-01-05,16665
彭埠站,2019-01-05,35941
打铁关站,2019-01-05,35069
振宁路站,2019-01-05,22107
文新站,2019-01-05,24136
文泽路站,2019-01-05,37922
文海南路站,2019-01-05,34124
新塘站,2019-01-05,11806
新风站,2019-01-05,7804
景芳站,2019-01-05,29980
曹家桥站,2019-01-05,7383
朝阳站,2019-01-05,12245
杜甫村站,2019-01-05,16187
杨家墩站,2019-01-05,12477
杭发厂站,2019-01-05,23340
武林广场站,2019-01-05,51301
武林门站,2019-01-05,22715
水澄桥站,2019-01-05,10581
江锦路站,2019-01-05,21896
江陵路站,2019-01-05,49238
沈塘桥站,2019-01-05,26900
浦沿站,2019-01-05,12868
湘湖站,2019-01-05,16402
滨和路站,2019-01-05,21696
滨康路站,2019-01-05,10736
潘水站,2019-01-05,11075
火车东站,2019-01-05,158429
甬江路站,2019-01-05,5239
白洋站,2019-01-05,9025
盈丰路站,2019-01-05,15000
翁梅站,2019-01-05,13864
联庄站,2019-01-05,16555
良渚站,2019-01-05,10546
虾龙圩站,2019-01-05,19014
西兴站,2019-01-05,26579
西湖文化广场站,2019-01-05,39832
近江站,2019-01-05,29698
金家渡站,2019-01-05,20836
金沙湖站,2019-01-05,44945
钱江世纪城站,2019-01-05,18069
钱江路站,2019-01-05,31478
闸弄口站,2019-01-05,34600
飞虹路站,2019-01-05,17687
高沙路站,2019-01-05,20390
龙翔桥站,2019-01-05,103312
七堡站,2019-01-06,9502
三坝站,2019-01-06,22194
三墩站,2019-01-06,17442
下沙江滨站,2019-01-06,15994
下沙西站,2019-01-06,9357
中医药大学站,2019-01-06,18174
中河北路站,2019-01-06,18098
丰潭路站,2019-01-06,24972
临平站,2019-01-06,37809
乔司南站,2019-01-06,6946
乔司站,2019-01-06,21250
九和路站,2019-01-06,21654
九堡站,2019-01-06,16488
云水站,2019-01-06,18437
人民广场站,2019-01-06,23062
人民路站,2019-01-06,19239
余杭高铁站,2019-01-06,6743
凤起路A站,2019-01-06,53662
凤起路B站,2019-01-06,23204
南星桥站,2019-01-06,13586
南苑站,2019-01-06,13277
古翠路站,2019-01-06,24890
城星路站,2019-01-06,9625
城站,2019-01-06,53783
墩祥街站,2019-01-06,17801
复兴路站,2019-01-06,6728
婺江路站,2019-01-06,17945
学院路站,2019-01-06,23833
定安路站,2019-01-06,47980
客运中心站,2019-01-06,45820
市民中心站,2019-01-06,27183
庆春广场站,2019-01-06,23133
庆菱路站,2019-01-06,17480
建国北路站,2019-01-06,21128
建设一路站,2019-01-06,9303
建设三路站,2019-01-06,15343
彭埠站,2019-01-06,32568
打铁关站,2019-01-06,32993
振宁路站,2019-01-06,19530
文新站,2019-01-06,22720
文泽路站,2019-01-06,38397
文海南路站,2019-01-06,32010
新塘站,2019-01-06,10313
新风站,2019-01-06,6301
景芳站,2019-01-06,27297
曹家桥站,2019-01-06,6732
朝阳站,2019-01-06,12387
杜甫村站,2019-01-06,16332
杨家墩站,2019-01-06,12331
杭发厂站,2019-01-06,22719
武林广场站,2019-01-06,51833
武林门站,2019-01-06,21866
水澄桥站,2019-01-06,10626
江锦路站,2019-01-06,18862
江陵路站,2019-01-06,41031
沈塘桥站,2019-01-06,24593
浦沿站,2019-01-06,12749
湘湖站,2019-01-06,17330
滨和路站,2019-01-06,21711
滨康路站,2019-01-06,10309
潘水站,2019-01-06,10878
火车东站,2019-01-06,179440
甬江路站,2019-01-06,4839
白洋站,2019-01-06,8722
盈丰路站,2019-01-06,11560
翁梅站,2019-01-06,14429
联庄站,2019-01-06,15560
良渚站,2019-01-06,11076
虾龙圩站,2019-01-06,17140
西兴站,2019-01-06,25237
西湖文化广场站,2019-01-06,41528
近江站,2019-01-06,26272
金家渡站,2019-01-06,20560
金沙湖站,2019-01-06,43754
钱江世纪城站,2019-01-06,16749
钱江路站,2019-01-06,27496
闸弄口站,2019-01-06,33148
飞虹路站,2019-01-06,16906
高沙路站,2019-01-06,18583
龙翔桥站,2019-01-06,107567
七堡站,2019-01-07,14995
三坝站,2019-01-07,28513
三墩站,2019-01-07,22895
下沙江滨站,2019-01-07,17928
下沙西站,2019-01-07,13838
中医药大学站,2019-01-07,19975
中河北路站,2019-01-07,25647
丰潭路站,2019-01-07,31585
临平站,2019-01-07,44251
乔司南站,2019-01-07,8396
乔司站,2019-01-07,17838
九和路站,2019-01-07,34998
九堡站,2019-01-07,19811
云水站,2019-01-07,18487
人民广场站,2019-01-07,22148
人民路站,2019-01-07,19787
余杭高铁站,2019-01-07,8221
凤起路A站,2019-01-07,47930
凤起路B站,2019-01-07,21141
南星桥站,2019-01-07,24112
南苑站,2019-01-07,16058
古翠路站,2019-01-07,39500
城星路站,2019-01-07,31854
城站,2019-01-07,61661
墩祥街站,2019-01-07,21841
复兴路站,2019-01-07,8008
婺江路站,2019-01-07,18994
学院路站,2019-01-07,32477
定安路站,2019-01-07,40589
客运中心站,2019-01-07,47911
市民中心站,2019-01-07,29925
庆春广场站,2019-01-07,34979
庆菱路站,2019-01-07,22541
建国北路站,2019-01-07,30835
建设一路站,2019-01-07,13032
建设三路站,2019-01-07,20055
彭埠站,2019-01-07,45473
打铁关站,2019-01-07,42600
振宁路站,2019-01-07,25880
文新站,2019-01-07,27624
文泽路站,2019-01-07,32955
文海南路站,2019-01-07,30328
新塘站,2019-01-07,12617
新风站,2019-01-07,9431
景芳站,2019-01-07,31856
曹家桥站,2019-01-07,8630
朝阳站,2019-01-07,14393
杜甫村站,2019-01-07,15845
杨家墩站,2019-01-07,10905
杭发厂站,2019-01-07,18423
武林广场站,2019-01-07,47918
武林门站,2019-01-07,31911
水澄桥站,2019-01-07,12511
江锦路站,2019-01-07,29913
江陵路站,2019-01-07,73130
沈塘桥站,2019-01-07,37687
浦沿站,2019-01-07,12680
湘湖站,2019-01-07,20238
滨和路站,2019-01-07,26082
滨康路站,2019-01-07,13293
潘水站,2019-01-07,11361
火车东站,2019-01-07,156647
甬江路站,2019-01-07,6502
白洋站,2019-01-07,10363
盈丰路站,2019-01-07,22775
翁梅站,2019-01-07,14561
联庄站,2019-01-07,19315
良渚站,2019-01-07,11956
虾龙圩站,2019-01-07,19744
西兴站,2019-01-07,37164
西湖文化广场站,2019-01-07,50529
近江站,2019-01-07,43050
金家渡站,2019-01-07,22523
金沙湖站,2019-01-07,41225
钱江世纪城站,2019-01-07,24654
钱江路站,2019-01-07,39819
闸弄口站,2019-01-07,40837
飞虹路站,2019-01-07,21005
高沙路站,2019-01-07,19499
龙翔桥站,2019-01-07,78826
七堡站,2019-01-08,15667
三坝站,2019-01-08,28937
三墩站,2019-01-08,23358
下沙江滨站,2019-01-08,17971
下沙西站,2019-01-08,13921
中医药大学站,2019-01-08,20240
中河北路站,2019-01-08,25905
丰潭路站,2019-01-08,31956
临平站,2019-01-08,45267
乔司南站,2019-01-08,8812
乔司站,2019-01-08,18449
九和路站,2019-01-08,35609
九堡站,2019-01-08,20847
云水站,2019-01-08,18732
人民广场站,2019-01-08,24349
人民路站,2019-01-08,20909
余杭高铁站,2019-01-08,8213
凤起路A站,2019-01-08,50152
凤起路B站,2019-01-08,22172
南星桥站,2019-01-08,23919
南苑站,2019-01-08,16322
古翠路站,2019-01-08,40303
城星路站,2019-01-08,31486
城站,2019-01-08,60445
墩祥街站,2019-01-08,22527
复兴路站,2019-01-08,8062
婺江路站,2019-01-08,19423
学院路站,2019-01-08,32999
定安路站,2019-01-08,43671
客运中心站,2019-01-08,48123
市民中心站,2019-01-08,31595
庆春广场站,2019-01-08,35444
庆菱路站,2019-01-08,23079
建国北路站,2019-01-08,31460
建设一路站,2019-01-08,13259
建设三路站,2019-01-08,20455
彭埠站,2019-01-08,46258
打铁关站,2019-01-08,44017
振宁路站,2019-01-08,26157
文新站,2019-01-08,28286
文泽路站,2019-01-08,33629
文海南路站,2019-01-08,31807
新塘站,2019-01-08,13149
新风站,2019-01-08,9735
景芳站,2019-01-08,33623
曹家桥站,2019-01-08,8969
朝阳站,2019-01-08,14557
杜甫村站,2019-01-08,17342
杨家墩站,2019-01-08,11468
杭发厂站,2019-01-08,19091
武林广场站,2019-01-08,49285
武林门站,2019-01-08,31954
水澄桥站,2019-01-08,12690
江锦路站,2019-01-08,30568
江陵路站,2019-01-08,73435
沈塘桥站,2019-01-08,38092
浦沿站,2019-01-08,12892
湘湖站,2019-01-08,20683
滨和路站,2019-01-08,26575
滨康路站,2019-01-08,13099
潘水站,2019-01-08,11689
火车东站,2019-01-08,153215
甬江路站,2019-01-08,6425
白洋站,2019-01-08,10783
盈丰路站,2019-01-08,22907
翁梅站,2019-01-08,15152
联庄站,2019-01-08,19475
良渚站,2019-01-08,12157
虾龙圩站,2019-01-08,19678
西兴站,2019-01-08,37182
西湖文化广场站,2019-01-08,51676
近江站,2019-01-08,44540
金家渡站,2019-01-08,23225
金沙湖站,2019-01-08,43418
钱江世纪城站,2019-01-08,24641
钱江路站,2019-01-08,39995
闸弄口站,2019-01-08,41454
飞虹路站,2019-01-08,21164
高沙路站,2019-01-08,19917
龙翔桥站,2019-01-08,84736
七堡站,2019-01-09,15217
三坝站,2019-01-09,28451
三墩站,2019-01-09,23167
下沙江滨站,2019-01-09,17716
下沙西站,2019-01-09,13717
中医药大学站,2019-01-09,20541
中河北路站,2019-01-09,26174
丰潭路站,2019-01-09,31575
临平站,2019-01-09,44195
乔司南站,2019-01-09,8624
乔司站,2019-01-09,18145
九和路站,2019-01-09,35046
九堡站,2019-01-09,20184
云水站,2019-01-09,18783
人民广场站,2019-01-09,24151
人民路站,2019-01-09,20663
余杭高铁站,2019-01-09,8031
凤起路A站,2019-01-09,49272
凤起路B站,2019-01-09,21500
南星桥站,2019-01-09,24293
南苑站,2019-01-09,16031
古翠路站,2019-01-09,39974
城星路站,2019-01-09,31708
城站,2019-01-09,60435
墩祥街站,2019-01-09,22019
复兴路站,2019-01-09,8197
婺江路站,2019-01-09,19263
学院路站,2019-01-09,32998
定安路站,2019-01-09,42811
客运中心站,2019-01-09,47744
市民中心站,2019-01-09,32421
庆春广场站,2019-01-09,36075
庆菱路站,2019-01-09,23043
建国北路站,2019-01-09,31907
建设一路站,2019-01-09,12986
建设三路站,2019-01-09,20237
彭埠站,2019-01-09,45700
打铁关站,2019-01-09,42825
振宁路站,2019-01-09,25827
文新站,2019-01-09,27382
文泽路站,2019-01-09,32635
文海南路站,2019-01-09,32798
新塘站,2019-01-09,12575
新风站,2019-01-09,9675
景芳站,2019-01-09,34125
曹家桥站,2019-01-09,8887
朝阳站,2019-01-09,14294
杜甫村站,2019-01-09,15520
杨家墩站,2019-01-09,11803
杭发厂站,2019-01-09,19091
武林广场站,2019-01-09,49273
武林门站,2019-01-09,32063
水澄桥站,2019-01-09,12370
江锦路站,2019-01-09,30486
江陵路站,2019-01-09,71829
沈塘桥站,2019-01-09,38921
浦沿站,2019-01-09,12508
湘湖站,2019-01-09,19853
滨和路站,2019-01-09,26259
滨康路站,2019-01-09,12874
潘水站,2019-01-09,11450
火车东站,2019-01-09,156112
甬江路站,2019-01-09,6540
白洋站,2019-01-09,10653
盈丰路站,2019-01-09,23040
翁梅站,2019-01-09,14474
联庄站,2019-01-09,19239
良渚站,2019-01-09,11528
虾龙圩站,2019-01-09,19690
西兴站,2019-01-09,36325
西湖文化广场站,2019-01-09,50603
近江站,2019-01-09,44516
金家渡站,2019-01-09,22589
金沙湖站,2019-01-09,42154
钱江世纪城站,2019-01-09,24917
钱江路站,2019-01-09,39950
闸弄口站,2019-01-09,40306
飞虹路站,2019-01-09,20962
高沙路站,2019-01-09,19593
龙翔桥站,2019-01-09,79955
七堡站,2019-01-10,15816
三坝站,2019-01-10,28671
三墩站,2019-01-10,23129
下沙江滨站,2019-01-10,17690
下沙西站,2019-01-10,13668
中医药大学站,2019-01-10,20125
中河北路站,2019-01-10,25901
丰潭路站,2019-01-10,31555
临平站,2019-01-10,44345
乔司南站,2019-01-10,8913
乔司站,2019-01-10,18129
九和路站,2019-01-10,35770
九堡站,2019-01-10,19998
云水站,2019-01-10,19518
人民广场站,2019-01-10,23090
人民路站,2019-01-10,20119
余杭高铁站,2019-01-10,8067
凤起路A站,2019-01-10,50195
凤起路B站,2019-01-10,23064
南星桥站,2019-01-10,24344
南苑站,2019-01-10,16247
古翠路站,2019-01-10,39834
城星路站,2019-01-10,31548
城站,2019-01-10,62897
墩祥街站,2019-01-10,22928
复兴路站,2019-01-10,8218
婺江路站,2019-01-10,19295
学院路站,2019-01-10,33103
定安路站,2019-01-10,44598
客运中心站,2019-01-10,48353
市民中心站,2019-01-10,31353
庆春广场站,2019-01-10,35444
庆菱路站,2019-01-10,23274
建国北路站,2019-01-10,32132
建设一路站,2019-01-10,13264
建设三路站,2019-01-10,19960
彭埠站,2019-01-10,45681
打铁关站,2019-01-10,42686
振宁路站,2019-01-10,26117
文新站,2019-01-10,27742
文泽路站,2019-01-10,35108
文海南路站,2019-01-10,36047
新塘站,2019-01-10,13000
新风站,2019-01-10,9782
景芳站,2019-01-10,33991
曹家桥站,2019-01-10,8893
朝阳站,2019-01-10,14011
杜甫村站,2019-01-10,15932
杨家墩站,2019-01-10,12069
杭发厂站,2019-01-10,19144
武林广场站,2019-01-10,50748
武林门站,2019-01-10,31854
水澄桥站,2019-01-10,12731
江锦路站,2019-01-10,30954
江陵路站,2019-01-10,73041
沈塘桥站,2019-01-10,40218
浦沿站,2019-01-10,13147
湘湖站,2019-01-10,20592
滨和路站,2019-01-10,26216
滨康路站,2019-01-10,13156
潘水站,2019-01-10,11523
火车东站,2019-01-10,161914
甬江路站,2019-01-10,6704
白洋站,2019-01-10,10476
盈丰路站,2019-01-10,23491
翁梅站,2019-01-10,14977
联庄站,2019-01-10,19482
良渚站,2019-01-10,11742
虾龙圩站,2019-01-10,19909
西兴站,2019-01-10,36369
西湖文化广场站,2019-01-10,51478
近江站,2019-01-10,44411
金家渡站,2019-01-10,22465
金沙湖站,2019-01-10,43956
钱江世纪城站,2019-01-10,25620
钱江路站,2019-01-10,40515
闸弄口站,2019-01-10,40794
飞虹路站,2019-01-10,20861
高沙路站,2019-01-10,20231
龙翔桥站,2019-01-10,83198
七堡站,2019-01-11,15185
三坝站,2019-01-11,31126
三墩站,2019-01-11,24955
下沙江滨站,2019-01-11,19223
下沙西站,2019-01-11,13636
中医药大学站,2019-01-11,22611
中河北路站,2019-01-11,26693
丰潭路站,2019-01-11,34278
临平站,2019-01-11,47125
乔司南站,2019-01-11,9159
乔司站,2019-01-11,18985
九和路站,2019-01-11,35896
九堡站,2019-01-11,20532
云水站,2019-01-11,22159
人民广场站,2019-01-11,25499
人民路站,2019-01-11,21597
余杭高铁站,2019-01-11,8915
凤起路A站,2019-01-11,55603
凤起路B站,2019-01-11,24810
南星桥站,2019-01-11,24974
南苑站,2019-01-11,16684
古翠路站,2019-01-11,42923
城星路站,2019-01-11,31533
城站,2019-01-11,67629
墩祥街站,2019-01-11,23328
复兴路站,2019-01-11,8793
婺江路站,2019-01-11,20757
学院路站,2019-01-11,35960
定安路站,2019-01-11,46540
客运中心站,2019-01-11,51313
市民中心站,2019-01-11,33719
庆春广场站,2019-01-11,36581
庆菱路站,2019-01-11,24542
建国北路站,2019-01-11,33168
建设一路站,2019-01-11,13589
建设三路站,2019-01-11,21533
彭埠站,2019-01-11,47535
打铁关站,2019-01-11,46108
振宁路站,2019-01-11,26748
文新站,2019-01-11,30864
文泽路站,2019-01-11,40479
文海南路站,2019-01-11,39819
新塘站,2019-01-11,13085
新风站,2019-01-11,9938
景芳站,2019-01-11,37171
曹家桥站,2019-01-11,9401
朝阳站,2019-01-11,15720
杜甫村站,2019-01-11,17536
杨家墩站,2019-01-11,12478
杭发厂站,2019-01-11,21873
武林广场站,2019-01-11,57568
武林门站,2019-01-11,33802
水澄桥站,2019-01-11,14113
江锦路站,2019-01-11,32901
江陵路站,2019-01-11,76661
沈塘桥站,2019-01-11,41024
浦沿站,2019-01-11,14971
湘湖站,2019-01-11,21146
滨和路站,2019-01-11,28126
滨康路站,2019-01-11,13389
潘水站,2019-01-11,12620
火车东站,2019-01-11,206355
甬江路站,2019-01-11,7187
白洋站,2019-01-11,11978
盈丰路站,2019-01-11,23640
翁梅站,2019-01-11,14777
联庄站,2019-01-11,21351
良渚站,2019-01-11,12887
虾龙圩站,2019-01-11,21914
西兴站,2019-01-11,39434
西湖文化广场站,2019-01-11,55530
近江站,2019-01-11,45840
金家渡站,2019-01-11,24959
金沙湖站,2019-01-11,46559
钱江世纪城站,2019-01-11,25766
钱江路站,2019-01-11,42358
闸弄口站,2019-01-11,42352
飞虹路站,2019-01-11,21763
高沙路站,2019-01-11,21957
龙翔桥站,2019-01-11,88624
七堡站,2019-01-12,10028
三坝站,2019-01-12,26559
三墩站,2019-01-12,20059
下沙江滨站,2019-01-12,17391
下沙西站,2019-01-12,10917
中医药大学站,2019-01-12,18648
中河北路站,2019-01-12,20936
丰潭路站,2019-01-12,28652
临平站,2019-01-12,40765
乔司南站,2019-01-12,8053
乔司站,2019-01-12,22273
九和路站,2019-01-12,26842
九堡站,2019-01-12,18902
云水站,2019-01-12,20076
人民广场站,2019-01-12,25722
人民路站,2019-01-12,20785
余杭高铁站,2019-01-12,7083
凤起路A站,2019-01-12,63067
凤起路B站,2019-01-12,27491
南星桥站,2019-01-12,15268
南苑站,2019-01-12,14377
古翠路站,2019-01-12,29486
城星路站,2019-01-12,12064
城站,2019-01-12,59899
墩祥街站,2019-01-12,20280
复兴路站,2019-01-12,7077
婺江路站,2019-01-12,19348
学院路站,2019-01-12,27140
定安路站,2019-01-12,53969
客运中心站,2019-01-12,47801
市民中心站,2019-01-12,27168
庆春广场站,2019-01-12,26947
庆菱路站,2019-01-12,19930
建国北路站,2019-01-12,24605
建设一路站,2019-01-12,10321
建设三路站,2019-01-12,17316
彭埠站,2019-01-12,37850
打铁关站,2019-01-12,36308
振宁路站,2019-01-12,22345
文新站,2019-01-12,25353
文泽路站,2019-01-12,42735
文海南路站,2019-01-12,36950
新塘站,2019-01-12,10775
新风站,2019-01-12,7475
景芳站,2019-01-12,30882
曹家桥站,2019-01-12,7795
朝阳站,2019-01-12,13767
杜甫村站,2019-01-12,17037
杨家墩站,2019-01-12,13309
杭发厂站,2019-01-12,24972
武林广场站,2019-01-12,55956
武林门站,2019-01-12,23892
水澄桥站,2019-01-12,11507
江锦路站,2019-01-12,22451
江陵路站,2019-01-12,50517
沈塘桥站,2019-01-12,28284
浦沿站,2019-01-12,12596
湘湖站,2019-01-12,18002
滨和路站,2019-01-12,23280
滨康路站,2019-01-12,11439
潘水站,2019-01-12,11605
火车东站,2019-01-12,185322
甬江路站,2019-01-12,5556
白洋站,2019-01-12,9713
盈丰路站,2019-01-12,15309
翁梅站,2019-01-12,14914
联庄站,2019-01-12,17699
良渚站,2019-01-12,11415
虾龙圩站,2019-01-12,19049
西兴站,2019-01-12,29566
西湖文化广场站,2019-01-12,46302
近江站,2019-01-12,30703
金家渡站,2019-01-12,22049
金沙湖站,2019-01-12,47201
钱江世纪城站,2019-01-12,18127
钱江路站,2019-01-12,31412
闸弄口站,2019-01-12,36522
飞虹路站,2019-01-12,18473
高沙路站,2019-01-12,20898
龙翔桥站,2019-01-12,123900
七堡站,2019-01-13,9415
三坝站,2019-01-13,23406
三墩站,2019-01-13,18694
下沙江滨站,2019-01-13,16656
下沙西站,2019-01-13,9798
中医药大学站,2019-01-13,17934
中河北路站,2019-01-13,18742
丰潭路站,2019-01-13,26628
临平站,2019-01-13,40690
乔司南站,2019-01-13,7333
乔司站,2019-01-13,23036
九和路站,2019-01-13,23257
九堡站,2019-01-13,18338
云水站,2019-01-13,18722
人民广场站,2019-01-13,23740
人民路站,2019-01-13,19801
余杭高铁站,2019-01-13,7218
凤起路A站,2019-01-13,59780
凤起路B站,2019-01-13,25621
南星桥站,2019-01-13,14077
南苑站,2019-01-13,13596
古翠路站,2019-01-13,25634
城星路站,2019-01-13,9693
城站,2019-01-13,62115
墩祥街站,2019-01-13,18768
复兴路站,2019-01-13,6652
婺江路站,2019-01-13,18785
学院路站,2019-01-13,24300
定安路站,2019-01-13,52003
客运中心站,2019-01-13,48155
市民中心站,2019-01-13,26349
庆春广场站,2019-01-13,24477
庆菱路站,2019-01-13,18497
建国北路站,2019-01-13,21646
建设一路站,2019-01-13,9986
建设三路站,2019-01-13,16446
彭埠站,2019-01-13,34003
打铁关站,2019-01-13,34614
振宁路站,2019-01-13,20650
文新站,2019-01-13,24172
文泽路站,2019-01-13,39253
文海南路站,2019-01-13,29936
新塘站,2019-01-13,9969
新风站,2019-01-13,6527
景芳站,2019-01-13,27991
曹家桥站,2019-01-13,7256
朝阳站,2019-01-13,13445
杜甫村站,2019-01-13,17048
杨家墩站,2019-01-13,12738
杭发厂站,2019-01-13,24818
武林广场站,2019-01-13,52976
武林门站,2019-01-13,21749
水澄桥站,2019-01-13,12119
江锦路站,2019-01-13,19867
江陵路站,2019-01-13,42474
沈塘桥站,2019-01-13,25256
浦沿站,2019-01-13,12775
湘湖站,2019-01-13,18782
滨和路站,2019-01-13,23050
滨康路站,2019-01-13,11328
潘水站,2019-01-13,11797
火车东站,2019-01-13,200618
甬江路站,2019-01-13,4923
白洋站,2019-01-13,9437
盈丰路站,2019-01-13,12035
翁梅站,2019-01-13,15935
联庄站,2019-01-13,16559
良渚站,2019-01-13,11859
虾龙圩站,2019-01-13,17840
西兴站,2019-01-13,27259
西湖文化广场站,2019-01-13,43386
近江站,2019-01-13,26803
金家渡站,2019-01-13,21247
金沙湖站,2019-01-13,43861
钱江世纪城站,2019-01-13,16163
钱江路站,2019-01-13,27954
闸弄口站,2019-01-13,34397
飞虹路站,2019-01-13,17072
高沙路站,2019-01-13,19349
龙翔桥站,2019-01-13,121985
七堡站,2019-01-14,15376
三坝站,2019-01-14,29219
三墩站,2019-01-14,24522
下沙江滨站,2019-01-14,18525
下沙西站,2019-01-14,14078
中医药大学站,2019-01-14,20884
中河北路站,2019-01-14,26527
丰潭路站,2019-01-14,33092
临平站,2019-01-14,47404
乔司南站,2019-01-14,9099
乔司站,2019-01-14,19770
九和路站,2019-01-14,36357
九堡站,2019-01-14,20611
云水站,2019-01-14,20495
人民广场站,2019-01-14,24136
人民路站,2019-01-14,21247
余杭高铁站,2019-01-14,8696
凤起路A站,2019-01-14,53706
凤起路B站,2019-01-14,23654
南星桥站,2019-01-14,24824
南苑站,2019-01-14,16578
古翠路站,2019-01-14,40942
城星路站,2019-01-14,31891
城站,2019-01-14,67956
墩祥街站,2019-01-14,23114
复兴路站,2019-01-14,8248
婺江路站,2019-01-14,20443
学院路站,2019-01-14,33743
定安路站,2019-01-14,45822
客运中心站,2019-01-14,50983
市民中心站,2019-01-14,31238
庆春广场站,2019-01-14,35826
庆菱路站,2019-01-14,24029
建国北路站,2019-01-14,31824
建设一路站,2019-01-14,13909
建设三路站,2019-01-14,21241
彭埠站,2019-01-14,47448
打铁关站,2019-01-14,45701
振宁路站,2019-01-14,26625
文新站,2019-01-14,28538
文泽路站,2019-01-14,36409
文海南路站,2019-01-14,31375
新塘站,2019-01-14,12607
新风站,2019-01-14,9867
景芳站,2019-01-14,33236
曹家桥站,2019-01-14,9173
朝阳站,2019-01-14,16096
杜甫村站,2019-01-14,16971
杨家墩站,2019-01-14,11752
杭发厂站,2019-01-14,20560
武林广场站,2019-01-14,52202
武林门站,2019-01-14,32725
水澄桥站,2019-01-14,13607
江锦路站,2019-01-14,30977
江陵路站,2019-01-14,75847
沈塘桥站,2019-01-14,39406
浦沿站,2019-01-14,13065
湘湖站,2019-01-14,21665
滨和路站,2019-01-14,27061
滨康路站,2019-01-14,13748
潘水站,2019-01-14,12430
火车东站,2019-01-14,171642
甬江路站,2019-01-14,6791
白洋站,2019-01-14,11285
盈丰路站,2019-01-14,23516
翁梅站,2019-01-14,16291
联庄站,2019-01-14,20252
良渚站,2019-01-14,13067
虾龙圩站,2019-01-14,20705
西兴站,2019-01-14,38121
西湖文化广场站,2019-01-14,52018
近江站,2019-01-14,44402
金家渡站,2019-01-14,23819
金沙湖站,2019-01-14,44165
钱江世纪城站,2019-01-14,25356
钱江路站,2019-01-14,41190
闸弄口站,2019-01-14,42268
飞虹路站,2019-01-14,21415
高沙路站,2019-01-14,19963
龙翔桥站,2019-01-14,91801
七堡站,2019-01-15,15288
三坝站,2019-01-15,28799
三墩站,2019-01-15,23371
下沙江滨站,2019-01-15,17868
下沙西站,2019-01-15,13446
中医药大学站,2019-01-15,19804
中河北路站,2019-01-15,25829
丰潭路站,2019-01-15,31593
临平站,2019-01-15,43753
乔司南站,2019-01-15,8793
乔司站,2019-01-15,18547
九和路站,2019-01-15,35086
九堡站,2019-01-15,20041
云水站,2019-01-15,19493
人民广场站,2019-01-15,23370
人民路站,2019-01-15,20534
余杭高铁站,2019-01-15,8286
凤起路A站,2019-01-15,52496
凤起路B站,2019-01-15,22280
南星桥站,2019-01-15,24164
南苑站,2019-01-15,16173
古翠路站,2019-01-15,39461
城星路站,2019-01-15,31324
城站,2019-01-15,65563
墩祥街站,2019-01-15,22122
复兴路站,2019-01-15,8080
婺江路站,2019-01-15,19946
学院路站,2019-01-15,32600
定安路站,2019-01-15,42755
客运中心站,2019-01-15,48566
市民中心站,2019-01-15,31859
庆春广场站,2019-01-15,35813
庆菱路站,2019-01-15,23442
建国北路站,2019-01-15,31228
建设一路站,2019-01-15,13460
建设三路站,2019-01-15,20702
彭埠站,2019-01-15,45646
打铁关站,2019-01-15,41903
振宁路站,2019-01-15,25594
文新站,2019-01-15,27184
文泽路站,2019-01-15,35760
文海南路站,2019-01-15,30697
新塘站,2019-01-15,13050
新风站,2019-01-15,9911
景芳站,2019-01-15,33766
曹家桥站,2019-01-15,8844
朝阳站,2019-01-15,14812
杜甫村站,2019-01-15,16786
杨家墩站,2019-01-15,11706
杭发厂站,2019-01-15,19436
武林广场站,2019-01-15,49286
武林门站,2019-01-15,32396
水澄桥站,2019-01-15,12582
江锦路站,2019-01-15,30265
江陵路站,2019-01-15,72630
沈塘桥站,2019-01-15,39079
浦沿站,2019-01-15,12647
湘湖站,2019-01-15,20333
滨和路站,2019-01-15,25987
滨康路站,2019-01-15,13064
潘水站,2019-01-15,11663
火车东站,2019-01-15,164335
甬江路站,2019-01-15,6325
白洋站,2019-01-15,10813
盈丰路站,2019-01-15,23111
翁梅站,2019-01-15,15604
联庄站,2019-01-15,19024
良渚站,2019-01-15,12066
虾龙圩站,2019-01-15,19979
西兴站,2019-01-15,36000
西湖文化广场站,2019-01-15,51002
近江站,2019-01-15,43351
金家渡站,2019-01-15,22725
金沙湖站,2019-01-15,42429
钱江世纪城站,2019-01-15,24924
钱江路站,2019-01-15,40107
闸弄口站,2019-01-15,41226
飞虹路站,2019-01-15,21269
高沙路站,2019-01-15,19790
龙翔桥站,2019-01-15,81209
七堡站,2019-01-16,15801
三坝站,2019-01-16,29402
三墩站,2019-01-16,23627
下沙江滨站,2019-01-16,18222
下沙西站,2019-01-16,14245
中医药大学站,2019-01-16,21058
中河北路站,2019-01-16,26311
丰潭路站,2019-01-16,33338
临平站,2019-01-16,45391
乔司南站,2019-01-16,9303
乔司站,2019-01-16,20173
九和路站,2019-01-16,36304
九堡站,2019-01-16,21375
云水站,2019-01-16,19671
人民广场站,2019-01-16,24157
人民路站,2019-01-16,21405
余杭高铁站,2019-01-16,8433
凤起路A站,2019-01-16,55754
凤起路B站,2019-01-16,24370
南星桥站,2019-01-16,24375
南苑站,2019-01-16,16719
古翠路站,2019-01-16,40543
城星路站,2019-01-16,31580
城站,2019-01-16,67875
墩祥街站,2019-01-16,22669
复兴路站,2019-01-16,8301
婺江路站,2019-01-16,20287
学院路站,2019-01-16,33671
定安路站,2019-01-16,47713
客运中心站,2019-01-16,51712
市民中心站,2019-01-16,32949
庆春广场站,2019-01-16,36819
庆菱路站,2019-01-16,24067
建国北路站,2019-01-16,31843
建设一路站,2019-01-16,13799
建设三路站,2019-01-16,21179
彭埠站,2019-01-16,47404
打铁关站,2019-01-16,45026
振宁路站,2019-01-16,26742
文新站,2019-01-16,28257
文泽路站,2019-01-16,39397
文海南路站,2019-01-16,32731
新塘站,2019-01-16,15780
新风站,2019-01-16,10165
景芳站,2019-01-16,34898
曹家桥站,2019-01-16,9229
朝阳站,2019-01-16,15101
杜甫村站,2019-01-16,16686
杨家墩站,2019-01-16,13386
杭发厂站,2019-01-16,20590
武林广场站,2019-01-16,51821
武林门站,2019-01-16,32647
水澄桥站,2019-01-16,13101
江锦路站,2019-01-16,31423
江陵路站,2019-01-16,75352
沈塘桥站,2019-01-16,40234
浦沿站,2019-01-16,12958
湘湖站,2019-01-16,21810
滨和路站,2019-01-16,26740
滨康路站,2019-01-16,13683
潘水站,2019-01-16,12133
火车东站,2019-01-16,173048
甬江路站,2019-01-16,6652
白洋站,2019-01-16,11158
盈丰路站,2019-01-16,24120
翁梅站,2019-01-16,16302
联庄站,2019-01-16,20348
良渚站,2019-01-16,12431
虾龙圩站,2019-01-16,20905
西兴站,2019-01-16,37241
西湖文化广场站,2019-01-16,53239
近江站,2019-01-16,45358
金家渡站,2019-01-16,24361
金沙湖站,2019-01-16,44850
钱江世纪城站,2019-01-16,27337
钱江路站,2019-01-16,41309
闸弄口站,2019-01-16,42586
飞虹路站,2019-01-16,21907
高沙路站,2019-01-16,20952
龙翔桥站,2019-01-16,91220
七堡站,2019-01-17,16486
三坝站,2019-01-17,29659
三墩站,2019-01-17,24234
下沙江滨站,2019-01-17,18412
下沙西站,2019-01-17,14436
中医药大学站,2019-01-17,21646
中河北路站,2019-01-17,26583
丰潭路站,2019-01-17,33623
临平站,2019-01-17,46801
乔司南站,2019-01-17,9228
乔司站,2019-01-17,20639
九和路站,2019-01-17,36432
九堡站,2019-01-17,21282
云水站,2019-01-17,20942
人民广场站,2019-01-17,25267
人民路站,2019-01-17,22157
余杭高铁站,2019-01-17,8683
凤起路A站,2019-01-17,57407
凤起路B站,2019-01-17,26163
南星桥站,2019-01-17,24315
南苑站,2019-01-17,16708
古翠路站,2019-01-17,41271
城星路站,2019-01-17,30979
城站,2019-01-17,70995
墩祥街站,2019-01-17,23231
复兴路站,2019-01-17,8412
婺江路站,2019-01-17,20996
学院路站,2019-01-17,34149
定安路站,2019-01-17,49514
客运中心站,2019-01-17,52084
市民中心站,2019-01-17,32767
庆春广场站,2019-01-17,36321
庆菱路站,2019-01-17,24083
建国北路站,2019-01-17,31903
建设一路站,2019-01-17,13968
建设三路站,2019-01-17,21445
彭埠站,2019-01-17,48159
打铁关站,2019-01-17,45670
振宁路站,2019-01-17,27043
文新站,2019-01-17,28689
文泽路站,2019-01-17,41769
文海南路站,2019-01-17,34758
新塘站,2019-01-17,12688
新风站,2019-01-17,10178
景芳站,2019-01-17,34449
曹家桥站,2019-01-17,9363
朝阳站,2019-01-17,15661
杜甫村站,2019-01-17,16825
杨家墩站,2019-01-17,14335
杭发厂站,2019-01-17,21627
武林广场站,2019-01-17,54849
武林门站,2019-01-17,33074
水澄桥站,2019-01-17,13537
江锦路站,2019-01-17,31503
江陵路站,2019-01-17,76604
沈塘桥站,2019-01-17,39577
浦沿站,2019-01-17,13035
湘湖站,2019-01-17,21846
滨和路站,2019-01-17,26933
滨康路站,2019-01-17,13733
潘水站,2019-01-17,12661
火车东站,2019-01-17,183432
甬江路站,2019-01-17,6632
白洋站,2019-01-17,11261
盈丰路站,2019-01-17,24557
翁梅站,2019-01-17,16804
联庄站,2019-01-17,20531
良渚站,2019-01-17,13011
虾龙圩站,2019-01-17,21058
西兴站,2019-01-17,37451
西湖文化广场站,2019-01-17,54299
近江站,2019-01-17,45769
金家渡站,2019-01-17,25073
金沙湖站,2019-01-17,45632
钱江世纪城站,2019-01-17,27650
钱江路站,2019-01-17,41833
闸弄口站,2019-01-17,43285
飞虹路站,2019-01-17,22209
高沙路站,2019-01-17,21213
龙翔桥站,2019-01-17,101286
七堡站,2019-01-18,16922
三坝站,2019-01-18,31933
三墩站,2019-01-18,25698
下沙江滨站,2019-01-18,19622
下沙西站,2019-01-18,14696
中医药大学站,2019-01-18,23738
中河北路站,2019-01-18,27882
丰潭路站,2019-01-18,36075
临平站,2019-01-18,50318
乔司南站,2019-01-18,9666
乔司站,2019-01-18,21546
九和路站,2019-01-18,37312
九堡站,2019-01-18,22126
云水站,2019-01-18,23436
人民广场站,2019-01-18,27833
人民路站,2019-01-18,23564
余杭高铁站,2019-01-18,9281
凤起路A站,2019-01-18,63952
凤起路B站,2019-01-18,28813
南星桥站,2019-01-18,25158
南苑站,2019-01-18,17327
古翠路站,2019-01-18,43579
城星路站,2019-01-18,31212
城站,2019-01-18,76310
墩祥街站,2019-01-18,23980
复兴路站,2019-01-18,8864
婺江路站,2019-01-18,22713
学院路站,2019-01-18,36014
定安路站,2019-01-18,53912
客运中心站,2019-01-18,55590
市民中心站,2019-01-18,35448
庆春广场站,2019-01-18,37606
庆菱路站,2019-01-18,25951
建国北路站,2019-01-18,33593
建设一路站,2019-01-18,15024
建设三路站,2019-01-18,22349
彭埠站,2019-01-18,50155
打铁关站,2019-01-18,50253
振宁路站,2019-01-18,28068
文新站,2019-01-18,31465
文泽路站,2019-01-18,45443
文海南路站,2019-01-18,34514
新塘站,2019-01-18,14157
新风站,2019-01-18,10560
景芳站,2019-01-18,37220
曹家桥站,2019-01-18,9913
朝阳站,2019-01-18,16619
杜甫村站,2019-01-18,18007
杨家墩站,2019-01-18,14074
杭发厂站,2019-01-18,23743
武林广场站,2019-01-18,62007
武林门站,2019-01-18,34578
水澄桥站,2019-01-18,15459
江锦路站,2019-01-18,33652
江陵路站,2019-01-18,81727
沈塘桥站,2019-01-18,40386
浦沿站,2019-01-18,13895
湘湖站,2019-01-18,23662
滨和路站,2019-01-18,29674
滨康路站,2019-01-18,14515
潘水站,2019-01-18,14024
火车东站,2019-01-18,220132
甬江路站,2019-01-18,7327
白洋站,2019-01-18,11540
盈丰路站,2019-01-18,24732
翁梅站,2019-01-18,17245
联庄站,2019-01-18,22221
良渚站,2019-01-18,13837
虾龙圩站,2019-01-18,22782
西兴站,2019-01-18,40346
西湖文化广场站,2019-01-18,58144
近江站,2019-01-18,48597
金家渡站,2019-01-18,25278
金沙湖站,2019-01-18,48916
钱江世纪城站,2019-01-18,28789
钱江路站,2019-01-18,44207
闸弄口站,2019-01-18,46011
飞虹路站,2019-01-18,22688
高沙路站,2019-01-18,22602
龙翔桥站,2019-01-18,112196
七堡站,2019-01-19,10961
三坝站,2019-01-19,25935
三墩站,2019-01-19,19654
下沙江滨站,2019-01-19,17236
下沙西站,2019-01-19,11345
中医药大学站,2019-01-19,18273
中河北路站,2019-01-19,19944
丰潭路站,2019-01-19,29945
临平站,2019-01-19,42236
乔司南站,2019-01-19,7735
乔司站,2019-01-19,22552
九和路站,2019-01-19,26921
九堡站,2019-01-19,19243
云水站,2019-01-19,18460
人民广场站,2019-01-19,25450
人民路站,2019-01-19,21563
余杭高铁站,2019-01-19,7421
凤起路A站,2019-01-19,64636
凤起路B站,2019-01-19,26468
南星桥站,2019-01-19,15893
南苑站,2019-01-19,14758
古翠路站,2019-01-19,28796
城星路站,2019-01-19,12826
城站,2019-01-19,68148
墩祥街站,2019-01-19,19762
复兴路站,2019-01-19,7388
婺江路站,2019-01-19,20317
学院路站,2019-01-19,25195
定安路站,2019-01-19,54068
客运中心站,2019-01-19,49893
市民中心站,2019-01-19,28758
庆春广场站,2019-01-19,27357
庆菱路站,2019-01-19,20804
建国北路站,2019-01-19,25019
建设一路站,2019-01-19,10218
建设三路站,2019-01-19,17634
彭埠站,2019-01-19,39301
打铁关站,2019-01-19,38212
振宁路站,2019-01-19,22339
文新站,2019-01-19,25775
文泽路站,2019-01-19,40268
文海南路站,2019-01-19,24906
新塘站,2019-01-19,10978
新风站,2019-01-19,7837
景芳站,2019-01-19,31144
曹家桥站,2019-01-19,8004
朝阳站,2019-01-19,13350
杜甫村站,2019-01-19,17326
杨家墩站,2019-01-19,13904
杭发厂站,2019-01-19,25852
武林广场站,2019-01-19,59437
武林门站,2019-01-19,23470
水澄桥站,2019-01-19,12878
江锦路站,2019-01-19,22970
江陵路站,2019-01-19,53228
沈塘桥站,2019-01-19,27136
浦沿站,2019-01-19,12529
湘湖站,2019-01-19,20077
滨和路站,2019-01-19,23937
滨康路站,2019-01-19,11859
潘水站,2019-01-19,12508
火车东站,2019-01-19,199652
甬江路站,2019-01-19,5424
白洋站,2019-01-19,9462
盈丰路站,2019-01-19,14714
翁梅站,2019-01-19,15407
联庄站,2019-01-19,17580
良渚站,2019-01-19,11949
虾龙圩站,2019-01-19,19398
西兴站,2019-01-19,29706
西湖文化广场站,2019-01-19,47327
近江站,2019-01-19,30553
金家渡站,2019-01-19,21292
金沙湖站,2019-01-19,43912
钱江世纪城站,2019-01-19,20572
钱江路站,2019-01-19,31590
闸弄口站,2019-01-19,37833
飞虹路站,2019-01-19,18096
高沙路站,2019-01-19,20188
龙翔桥站,2019-01-19,132565
七堡站,2019-01-20,10231
三坝站,2019-01-20,24449
三墩站,2019-01-20,18762
下沙江滨站,2019-01-20,17162
下沙西站,2019-01-20,10074
中医药大学站,2019-01-20,16858
中河北路站,2019-01-20,18878
丰潭路站,2019-01-20,27982
临平站,2019-01-20,40776
乔司南站,2019-01-20,7482
乔司站,2019-01-20,23119
九和路站,2019-01-20,22952
九堡站,2019-01-20,18373
云水站,2019-01-20,19468
人民广场站,2019-01-20,24086
人民路站,2019-01-20,20174
余杭高铁站,2019-01-20,7501
凤起路A站,2019-01-20,61823
凤起路B站,2019-01-20,25168
南星桥站,2019-01-20,13641
南苑站,2019-01-20,14486
古翠路站,2019-01-20,25978
城星路站,2019-01-20,9585
城站,2019-01-20,72169
墩祥街站,2019-01-20,18509
复兴路站,2019-01-20,6671
婺江路站,2019-01-20,21157
学院路站,2019-01-20,23235
定安路站,2019-01-20,54066
客运中心站,2019-01-20,51221
市民中心站,2019-01-20,26584
庆春广场站,2019-01-20,25801
庆菱路站,2019-01-20,20478
建国北路站,2019-01-20,21806
建设一路站,2019-01-20,9963
建设三路站,2019-01-20,16102
彭埠站,2019-01-20,35102
打铁关站,2019-01-20,35584
振宁路站,2019-01-20,20880
文新站,2019-01-20,24236
文泽路站,2019-01-20,36987
文海南路站,2019-01-20,22193
新塘站,2019-01-20,10780
新风站,2019-01-20,6499
景芳站,2019-01-20,28404
曹家桥站,2019-01-20,7503
朝阳站,2019-01-20,13680
杜甫村站,2019-01-20,17184
杨家墩站,2019-01-20,12592
杭发厂站,2019-01-20,24770
武林广场站,2019-01-20,56178
武林门站,2019-01-20,20925
水澄桥站,2019-01-20,12142
江锦路站,2019-01-20,20685
江陵路站,2019-01-20,46044
沈塘桥站,2019-01-20,23536
浦沿站,2019-01-20,12862
湘湖站,2019-01-20,19683
滨和路站,2019-01-20,23454
滨康路站,2019-01-20,11331
潘水站,2019-01-20,11465
火车东站,2019-01-20,209749
甬江路站,2019-01-20,4945
白洋站,2019-01-20,9428
盈丰路站,2019-01-20,11685
翁梅站,2019-01-20,15863
联庄站,2019-01-20,16779
良渚站,2019-01-20,12064
虾龙圩站,2019-01-20,17829
西兴站,2019-01-20,27644
西湖文化广场站,2019-01-20,44601
近江站,2019-01-20,26270
金家渡站,2019-01-20,19717
金沙湖站,2019-01-20,43791
钱江世纪城站,2019-01-20,18081
钱江路站,2019-01-20,28432
闸弄口站,2019-01-20,35669
飞虹路站,2019-01-20,17419
高沙路站,2019-01-20,18855
龙翔桥站,2019-01-20,133066
七堡站,2019-01-21,16179
三坝站,2019-01-21,30461
三墩站,2019-01-21,24651
下沙江滨站,2019-01-21,19025
下沙西站,2019-01-21,14307
中医药大学站,2019-01-21,20080
中河北路站,2019-01-21,26631
丰潭路站,2019-01-21,33721
临平站,2019-01-21,48642
乔司南站,2019-01-21,9391
乔司站,2019-01-21,22424
九和路站,2019-01-21,36394
九堡站,2019-01-21,21796
云水站,2019-01-21,19544
人民广场站,2019-01-21,25496
人民路站,2019-01-21,22964
余杭高铁站,2019-01-21,8823
凤起路A站,2019-01-21,57053
凤起路B站,2019-01-21,25058
南星桥站,2019-01-21,24352
南苑站,2019-01-21,17511
古翠路站,2019-01-21,41668
城星路站,2019-01-21,30897
城站,2019-01-21,76840
墩祥街站,2019-01-21,23433
复兴路站,2019-01-21,8423
婺江路站,2019-01-21,21561
学院路站,2019-01-21,33694
定安路站,2019-01-21,48611
客运中心站,2019-01-21,53881
市民中心站,2019-01-21,32570
庆春广场站,2019-01-21,36580
庆菱路站,2019-01-21,24590
建国北路站,2019-01-21,31836
建设一路站,2019-01-21,13991
建设三路站,2019-01-21,21050
彭埠站,2019-01-21,48317
打铁关站,2019-01-21,46691
振宁路站,2019-01-21,26793
文新站,2019-01-21,28873
文泽路站,2019-01-21,34470
文海南路站,2019-01-21,24578
新塘站,2019-01-21,12415
新风站,2019-01-21,10119
景芳站,2019-01-21,33434
曹家桥站,2019-01-21,9704
朝阳站,2019-01-21,16338
杜甫村站,2019-01-21,17814
杨家墩站,2019-01-21,11614
杭发厂站,2019-01-21,22670
武林广场站,2019-01-21,52894
武林门站,2019-01-21,33299
水澄桥站,2019-01-21,13688
江锦路站,2019-01-21,31088
江陵路站,2019-01-21,78230
沈塘桥站,2019-01-21,38508
浦沿站,2019-01-21,13408
湘湖站,2019-01-21,23833
滨和路站,2019-01-21,26982
滨康路站,2019-01-21,13967
潘水站,2019-01-21,13267
火车东站,2019-01-21,181418
甬江路站,2019-01-21,7013
白洋站,2019-01-21,11593
盈丰路站,2019-01-21,22429
翁梅站,2019-01-21,18284
联庄站,2019-01-21,20712
良渚站,2019-01-21,13511
虾龙圩站,2019-01-21,21535
西兴站,2019-01-21,39550
西湖文化广场站,2019-01-21,53186
近江站,2019-01-21,44965
金家渡站,2019-01-21,23393
金沙湖站,2019-01-21,43611
钱江世纪城站,2019-01-21,26421
钱江路站,2019-01-21,40309
闸弄口站,2019-01-21,43468
飞虹路站,2019-01-21,21813
高沙路站,2019-01-21,21078
龙翔桥站,2019-01-21,104548
七堡站,2019-01-22,16216
三坝站,2019-01-22,30407
三墩站,2019-01-22,24498
下沙江滨站,2019-01-22,18938
下沙西站,2019-01-22,14356
中医药大学站,2019-01-22,19160
中河北路站,2019-01-22,26752
丰潭路站,2019-01-22,33213
临平站,2019-01-22,48443
乔司南站,2019-01-22,9537
乔司站,2019-01-22,21552
九和路站,2019-01-22,35901
九堡站,2019-01-22,21941
云水站,2019-01-22,20205
人民广场站,2019-01-22,25480
人民路站,2019-01-22,22424
余杭高铁站,2019-01-22,8844
凤起路A站,2019-01-22,59528
凤起路B站,2019-01-22,25657
南星桥站,2019-01-22,23865
南苑站,2019-01-22,16684
古翠路站,2019-01-22,41673
城星路站,2019-01-22,30378
城站,2019-01-22,78110
墩祥街站,2019-01-22,23635
复兴路站,2019-01-22,8473
婺江路站,2019-01-22,22035
学院路站,2019-01-22,34211
定安路站,2019-01-22,50170
客运中心站,2019-01-22,53666
市民中心站,2019-01-22,34294
庆春广场站,2019-01-22,37274
庆菱路站,2019-01-22,25042
建国北路站,2019-01-22,31714
建设一路站,2019-01-22,13805
建设三路站,2019-01-22,20340
彭埠站,2019-01-22,48630
打铁关站,2019-01-22,46327
振宁路站,2019-01-22,26394
文新站,2019-01-22,29253
文泽路站,2019-01-22,35876
文海南路站,2019-01-22,24386
新塘站,2019-01-22,12787
新风站,2019-01-22,10035
景芳站,2019-01-22,34652
曹家桥站,2019-01-22,9524
朝阳站,2019-01-22,15865
杜甫村站,2019-01-22,19201
杨家墩站,2019-01-22,10662
杭发厂站,2019-01-22,21721
武林广场站,2019-01-22,53399
武林门站,2019-01-22,33134
水澄桥站,2019-01-22,13547
江锦路站,2019-01-22,31665
江陵路站,2019-01-22,76683
沈塘桥站,2019-01-22,38672
浦沿站,2019-01-22,13420
湘湖站,2019-01-22,22969
滨和路站,2019-01-22,26490
滨康路站,2019-01-22,13819
潘水站,2019-01-22,12614
火车东站,2019-01-22,183911
甬江路站,2019-01-22,7119
白洋站,2019-01-22,11261
盈丰路站,2019-01-22,22281
翁梅站,2019-01-22,17448
联庄站,2019-01-22,20187
良渚站,2019-01-22,13763
虾龙圩站,2019-01-22,22086
西兴站,2019-01-22,37943
西湖文化广场站,2019-01-22,55258
近江站,2019-01-22,44660
金家渡站,2019-01-22,23025
金沙湖站,2019-01-22,45317
钱江世纪城站,2019-01-22,26380
钱江路站,2019-01-22,40108
闸弄口站,2019-01-22,43473
飞虹路站,2019-01-22,21682
高沙路站,2019-01-22,24945
龙翔桥站,2019-01-22,105315
七堡站,2019-01-23,16522
三坝站,2019-01-23,30472
三墩站,2019-01-23,24673
下沙江滨站,2019-01-23,19480
下沙西站,2019-01-23,14533
中医药大学站,2019-01-23,19525
中河北路站,2019-01-23,26872
丰潭路站,2019-01-23,33443
临平站,2019-01-23,49797
乔司南站,2019-01-23,8929
乔司站,2019-01-23,21731
九和路站,2019-01-23,36790
九堡站,2019-01-23,22335
云水站,2019-01-23,21129
人民广场站,2019-01-23,26380
人民路站,2019-01-23,22591
余杭高铁站,2019-01-23,9288
凤起路A站,2019-01-23,62316
凤起路B站,2019-01-23,26619
南星桥站,2019-01-23,23909
南苑站,2019-01-23,17113
古翠路站,2019-01-23,41744
城星路站,2019-01-23,30373
城站,2019-01-23,80966
墩祥街站,2019-01-23,23120
复兴路站,2019-01-23,8551
婺江路站,2019-01-23,21913
学院路站,2019-01-23,34415
定安路站,2019-01-23,52636
客运中心站,2019-01-23,55475
市民中心站,2019-01-23,35828
庆春广场站,2019-01-23,37358
庆菱路站,2019-01-23,25316
建国北路站,2019-01-23,32392
建设一路站,2019-01-23,13590
建设三路站,2019-01-23,21537
彭埠站,2019-01-23,49137
打铁关站,2019-01-23,45757
振宁路站,2019-01-23,26648
文新站,2019-01-23,29331
文泽路站,2019-01-23,39013
文海南路站,2019-01-23,24718
新塘站,2019-01-23,12556
新风站,2019-01-23,10117
景芳站,2019-01-23,36534
曹家桥站,2019-01-23,9665
朝阳站,2019-01-23,15918
杜甫村站,2019-01-23,17796
杨家墩站,2019-01-23,10921
杭发厂站,2019-01-23,22783
武林广场站,2019-01-23,54780
武林门站,2019-01-23,33583
水澄桥站,2019-01-23,14107
江锦路站,2019-01-23,32246
江陵路站,2019-01-23,77143
沈塘桥站,2019-01-23,38950
浦沿站,2019-01-23,13782
湘湖站,2019-01-23,23875
滨和路站,2019-01-23,28097
滨康路站,2019-01-23,14010
潘水站,2019-01-23,13174
火车东站,2019-01-23,184814
甬江路站,2019-01-23,7094
白洋站,2019-01-23,11774
盈丰路站,2019-01-23,21982
翁梅站,2019-01-23,17357
联庄站,2019-01-23,20738
良渚站,2019-01-23,13527
虾龙圩站,2019-01-23,22718
西兴站,2019-01-23,38272
西湖文化广场站,2019-01-23,56901
近江站,2019-01-23,47026
金家渡站,2019-01-23,22607
金沙湖站,2019-01-23,46768
钱江世纪城站,2019-01-23,25387
钱江路站,2019-01-23,39804
闸弄口站,2019-01-23,44728
飞虹路站,2019-01-23,21487
高沙路站,2019-01-23,26525
龙翔桥站,2019-01-23,110151
七堡站,2019-01-24,16283
三坝站,2019-01-24,30471
三墩站,2019-01-24,24682
下沙江滨站,2019-01-24,18412
下沙西站,2019-01-24,13984
中医药大学站,2019-01-24,19641
中河北路站,2019-01-24,27266
丰潭路站,2019-01-24,33169
临平站,2019-01-24,49469
乔司南站,2019-01-24,8720
乔司站,2019-01-24,21089
九和路站,2019-01-24,36924
九堡站,2019-01-24,21243
云水站,2019-01-24,20361
人民广场站,2019-01-24,28429
人民路站,2019-01-24,23468
余杭高铁站,2019-01-24,8950
凤起路A站,2019-01-24,62887
凤起路B站,2019-01-24,27614
南星桥站,2019-01-24,24102
南苑站,2019-01-24,16627
古翠路站,2019-01-24,41109
城星路站,2019-01-24,30213
城站,2019-01-24,82595
墩祥街站,2019-01-24,23492
复兴路站,2019-01-24,8423
婺江路站,2019-01-24,22084
学院路站,2019-01-24,34090
定安路站,2019-01-24,52197
客运中心站,2019-01-24,55011
市民中心站,2019-01-24,35497
庆春广场站,2019-01-24,37398
庆菱路站,2019-01-24,25762
建国北路站,2019-01-24,31517
建设一路站,2019-01-24,14052
建设三路站,2019-01-24,21033
彭埠站,2019-01-24,48532
打铁关站,2019-01-24,46048
振宁路站,2019-01-24,27151
文新站,2019-01-24,29108
文泽路站,2019-01-24,33002
文海南路站,2019-01-24,23979
新塘站,2019-01-24,12424
新风站,2019-01-24,10355
景芳站,2019-01-24,36293
曹家桥站,2019-01-24,10035
朝阳站,2019-01-24,17341
杜甫村站,2019-01-24,18504
杨家墩站,2019-01-24,10666
杭发厂站,2019-01-24,26272
武林广场站,2019-01-24,55024
武林门站,2019-01-24,33907
水澄桥站,2019-01-24,13984
江锦路站,2019-01-24,32343
江陵路站,2019-01-24,77727
沈塘桥站,2019-01-24,38250
浦沿站,2019-01-24,13581
湘湖站,2019-01-24,25365
滨和路站,2019-01-24,27319
滨康路站,2019-01-24,13718
潘水站,2019-01-24,14049
火车东站,2019-01-24,183613
甬江路站,2019-01-24,7152
白洋站,2019-01-24,11352
盈丰路站,2019-01-24,21885
翁梅站,2019-01-24,17248
联庄站,2019-01-24,20690
良渚站,2019-01-24,13700
虾龙圩站,2019-01-24,22419
西兴站,2019-01-24,38067
西湖文化广场站,2019-01-24,57024
近江站,2019-01-24,47833
金家渡站,2019-01-24,22720
金沙湖站,2019-01-24,45066
钱江世纪城站,2019-01-24,25237
钱江路站,2019-01-24,40649
闸弄口站,2019-01-24,43476
飞虹路站,2019-01-24,21769
高沙路站,2019-01-24,22917
龙翔桥站,2019-01-24,111312
七堡站,2019-01-25,16175
三坝站,2019-01-25,32056
三墩站,2019-01-25,24719
下沙江滨站,2019-01-25,18811
下沙西站,2019-01-25,13848
中医药大学站,2019-01-25,20469
中河北路站,2019-01-25,26819
丰潭路站,2019-01-25,34217
临平站,2019-01-25,50149
乔司南站,2019-01-25,8580
乔司站,2019-01-25,21316
九和路站,2019-01-25,36100
九堡站,2019-01-25,21874
云水站,2019-01-25,20279
人民广场站,2019-01-25,28440
人民路站,2019-01-25,23795
余杭高铁站,2019-01-25,9223
凤起路A站,2019-01-25,64640
凤起路B站,2019-01-25,28153
南星桥站,2019-01-25,24374
南苑站,2019-01-25,16784
古翠路站,2019-01-25,42435
城星路站,2019-01-25,29484
城站,2019-01-25,88011
墩祥街站,2019-01-25,24024
复兴路站,2019-01-25,8717
婺江路站,2019-01-25,23426
学院路站,2019-01-25,35937
定安路站,2019-01-25,54556
客运中心站,2019-01-25,56059
市民中心站,2019-01-25,36318
庆春广场站,2019-01-25,37844
庆菱路站,2019-01-25,26525
建国北路站,2019-01-25,32508
建设一路站,2019-01-25,14041
建设三路站,2019-01-25,21580
彭埠站,2019-01-25,48664
打铁关站,2019-01-25,47571
振宁路站,2019-01-25,27514
文新站,2019-01-25,30984
文泽路站,2019-01-25,31078
文海南路站,2019-01-25,23653
新塘站,2019-01-25,11620
新风站,2019-01-25,10274
景芳站,2019-01-25,36588
曹家桥站,2019-01-25,9988
朝阳站,2019-01-25,17061
杜甫村站,2019-01-25,18430
杨家墩站,2019-01-25,10950
杭发厂站,2019-01-25,26743
武林广场站,2019-01-25,58256
武林门站,2019-01-25,34136
水澄桥站,2019-01-25,15061
江锦路站,2019-01-25,32895
江陵路站,2019-01-25,78327
沈塘桥站,2019-01-25,39744
浦沿站,2019-01-25,13881
湘湖站,2019-01-25,25055
滨和路站,2019-01-25,28001
滨康路站,2019-01-25,14146
潘水站,2019-01-25,14135
火车东站,2019-01-25,203061
甬江路站,2019-01-25,7103
白洋站,2019-01-25,11269
盈丰路站,2019-01-25,21477
翁梅站,2019-01-25,16429
联庄站,2019-01-25,21200
良渚站,2019-01-25,14110
虾龙圩站,2019-01-25,23708
西兴站,2019-01-25,39280
西湖文化广场站,2019-01-25,59018
近江站,2019-01-25,47841
金家渡站,2019-01-25,23173
金沙湖站,2019-01-25,45344
钱江世纪城站,2019-01-25,26219
钱江路站,2019-01-25,41002
闸弄口站,2019-01-25,45306
飞虹路站,2019-01-25,21617
高沙路站,2019-01-25,20331
龙翔桥站,2019-01-25,111653
