station_name,time,total_traffic,最高气温℃,最低气温℃,天气,风向,风力,work,trip_count
七堡站,2019-01-01,9481,6,1,小雨,北风,微风,0,1262633
三坝站,2019-01-01,22779,6,1,小雨,北风,微风,0,1262633
三墩站,2019-01-01,19531,6,1,小雨,北风,微风,0,1262633
下沙江滨站,2019-01-01,19337,6,1,小雨,北风,微风,0,1262633
下沙西站,2019-01-01,10488,6,1,小雨,北风,微风,0,1262633
中医药大学站,2019-01-01,23632,6,1,小雨,北风,微风,0,1262633
中河北路站,2019-01-01,18133,6,1,小雨,北风,微风,0,1262633
丰潭路站,2019-01-01,29262,6,1,小雨,北风,微风,0,1262633
临平站,2019-01-01,51514,6,1,小雨,北风,微风,0,1262633
乔司南站,2019-01-01,7939,6,1,小雨,北风,微风,0,1262633
乔司站,2019-01-01,33227,6,1,小雨,北风,微风,0,1262633
九和路站,2019-01-01,23227,6,1,小雨,北风,微风,0,1262633
九堡站,2019-01-01,20959,6,1,小雨,北风,微风,0,1262633
云水站,2019-01-01,20776,6,1,小雨,北风,微风,0,1262633
人民广场站,2019-01-01,24710,6,1,小雨,北风,微风,0,1262633
人民路站,2019-01-01,20272,6,1,小雨,北风,微风,0,1262633
余杭高铁站,2019-01-01,10026,6,1,小雨,北风,微风,0,1262633
凤起路A站,2019-01-01,72913,6,1,小雨,北风,微风,0,1262633
凤起路B站,2019-01-01,31819,6,1,小雨,北风,微风,0,1262633
南星桥站,2019-01-01,13041,6,1,小雨,北风,微风,0,1262633
南苑站,2019-01-01,16164,6,1,小雨,北风,微风,0,1262633
古翠路站,2019-01-01,26974,6,1,小雨,北风,微风,0,1262633
城星路站,2019-01-01,7964,6,1,小雨,北风,微风,0,1262633
城站,2019-01-01,85737,6,1,小雨,北风,微风,0,1262633
墩祥街站,2019-01-01,19279,6,1,小雨,北风,微风,0,1262633
复兴路站,2019-01-01,7223,6,1,小雨,北风,微风,0,1262633
婺江路站,2019-01-01,26745,6,1,小雨,北风,微风,0,1262633
学院路站,2019-01-01,24455,6,1,小雨,北风,微风,0,1262633
定安路站,2019-01-01,64963,6,1,小雨,北风,微风,0,1262633
客运中心站,2019-01-01,70821,6,1,小雨,北风,微风,0,1262633
市民中心站,2019-01-01,24916,6,1,小雨,北风,微风,0,1262633
庆春广场站,2019-01-01,20512,6,1,小雨,北风,微风,0,1262633
庆菱路站,2019-01-01,17528,6,1,小雨,北风,微风,0,1262633
建国北路站,2019-01-01,20564,6,1,小雨,北风,微风,0,1262633
建设一路站,2019-01-01,10517,6,1,小雨,北风,微风,0,1262633
建设三路站,2019-01-01,17590,6,1,小雨,北风,微风,0,1262633
彭埠站,2019-01-01,33507,6,1,小雨,北风,微风,0,1262633
打铁关站,2019-01-01,38674,6,1,小雨,北风,微风,0,1262633
振宁路站,2019-01-01,21745,6,1,小雨,北风,微风,0,1262633
文新站,2019-01-01,26328,6,1,小雨,北风,微风,0,1262633
文泽路站,2019-01-01,61774,6,1,小雨,北风,微风,0,1262633
文海南路站,2019-01-01,51652,6,1,小雨,北风,微风,0,1262633
新塘站,2019-01-01,10328,6,1,小雨,北风,微风,0,1262633
新风站,2019-01-01,6752,6,1,小雨,北风,微风,0,1262633
景芳站,2019-01-01,29496,6,1,小雨,北风,微风,0,1262633
曹家桥站,2019-01-01,7466,6,1,小雨,北风,微风,0,1262633
朝阳站,2019-01-01,17422,6,1,小雨,北风,微风,0,1262633
杜甫村站,2019-01-01,20507,6,1,小雨,北风,微风,0,1262633
杨家墩站,2019-01-01,19599,6,1,小雨,北风,微风,0,1262633
杭发厂站,2019-01-01,29869,6,1,小雨,北风,微风,0,1262633
武林广场站,2019-01-01,75760,6,1,小雨,北风,微风,0,1262633
武林门站,2019-01-01,21874,6,1,小雨,北风,微风,0,1262633
水澄桥站,2019-01-01,13590,6,1,小雨,北风,微风,0,1262633
江锦路站,2019-01-01,21730,6,1,小雨,北风,微风,0,1262633
江陵路站,2019-01-01,45818,6,1,小雨,北风,微风,0,1262633
沈塘桥站,2019-01-01,22417,6,1,小雨,北风,微风,0,1262633
浦沿站,2019-01-01,15656,6,1,小雨,北风,微风,0,1262633
湘湖站,2019-01-01,22729,6,1,小雨,北风,微风,0,1262633
滨和路站,2019-01-01,24385,6,1,小雨,北风,微风,0,1262633
滨康路站,2019-01-01,12477,6,1,小雨,北风,微风,0,1262633
潘水站,2019-01-01,12786,6,1,小雨,北风,微风,0,1262633
火车东站,2019-01-01,357089,6,1,小雨,北风,微风,0,1262633
甬江路站,2019-01-01,4639,6,1,小雨,北风,微风,0,1262633
白洋站,2019-01-01,9176,6,1,小雨,北风,微风,0,1262633
盈丰路站,2019-01-01,12349,6,1,小雨,北风,微风,0,1262633
翁梅站,2019-01-01,22443,6,1,小雨,北风,微风,0,1262633
联庄站,2019-01-01,17751,6,1,小雨,北风,微风,0,1262633
良渚站,2019-01-01,13644,6,1,小雨,北风,微风,0,1262633
虾龙圩站,2019-01-01,20120,6,1,小雨,北风,微风,0,1262633
西兴站,2019-01-01,32289,6,1,小雨,北风,微风,0,1262633
西湖文化广场站,2019-01-01,48386,6,1,小雨,北风,微风,0,1262633
近江站,2019-01-01,24263,6,1,小雨,北风,微风,0,1262633
金家渡站,2019-01-01,24493,6,1,小雨,北风,微风,0,1262633
金沙湖站,2019-01-01,53702,6,1,小雨,北风,微风,0,1262633
钱江世纪城站,2019-01-01,13836,6,1,小雨,北风,微风,0,1262633
钱江路站,2019-01-01,29982,6,1,小雨,北风,微风,0,1262633
闸弄口站,2019-01-01,36247,6,1,小雨,北风,微风,0,1262633
飞虹路站,2019-01-01,18243,6,1,小雨,北风,微风,0,1262633
高沙路站,2019-01-01,24022,6,1,小雨,北风,微风,0,1262633
龙翔桥站,2019-01-01,167448,6,1,小雨,北风,微风,0,1262633
七堡站,2019-01-02,15282,5,3,小雨,西北风,微风,1,1183165
三坝站,2019-01-02,28988,5,3,小雨,西北风,微风,1,1183165
三墩站,2019-01-02,24233,5,3,小雨,西北风,微风,1,1183165
下沙江滨站,2019-01-02,18554,5,3,小雨,西北风,微风,1,1183165
下沙西站,2019-01-02,13853,5,3,小雨,西北风,微风,1,1183165
中医药大学站,2019-01-02,21260,5,3,小雨,西北风,微风,1,1183165
中河北路站,2019-01-02,26177,5,3,小雨,西北风,微风,1,1183165
丰潭路站,2019-01-02,32714,5,3,小雨,西北风,微风,1,1183165
临平站,2019-01-02,46194,5,3,小雨,西北风,微风,1,1183165
乔司南站,2019-01-02,9081,5,3,小雨,西北风,微风,1,1183165
乔司站,2019-01-02,20084,5,3,小雨,西北风,微风,1,1183165
九和路站,2019-01-02,36538,5,3,小雨,西北风,微风,1,1183165
九堡站,2019-01-02,20460,5,3,小雨,西北风,微风,1,1183165
云水站,2019-01-02,19281,5,3,小雨,西北风,微风,1,1183165
人民广场站,2019-01-02,23402,5,3,小雨,西北风,微风,1,1183165
人民路站,2019-01-02,20372,5,3,小雨,西北风,微风,1,1183165
余杭高铁站,2019-01-02,9210,5,3,小雨,西北风,微风,1,1183165
凤起路A站,2019-01-02,49822,5,3,小雨,西北风,微风,1,1183165
凤起路B站,2019-01-02,22310,5,3,小雨,西北风,微风,1,1183165
南星桥站,2019-01-02,23845,5,3,小雨,西北风,微风,1,1183165
南苑站,2019-01-02,16789,5,3,小雨,西北风,微风,1,1183165
古翠路站,2019-01-02,40598,5,3,小雨,西北风,微风,1,1183165
城星路站,2019-01-02,31559,5,3,小雨,西北风,微风,1,1183165
城站,2019-01-02,68527,5,3,小雨,西北风,微风,1,1183165
墩祥街站,2019-01-02,22692,5,3,小雨,西北风,微风,1,1183165
复兴路站,2019-01-02,8429,5,3,小雨,西北风,微风,1,1183165
婺江路站,2019-01-02,20399,5,3,小雨,西北风,微风,1,1183165
学院路站,2019-01-02,33549,5,3,小雨,西北风,微风,1,1183165
定安路站,2019-01-02,44528,5,3,小雨,西北风,微风,1,1183165
客运中心站,2019-01-02,52337,5,3,小雨,西北风,微风,1,1183165
市民中心站,2019-01-02,31853,5,3,小雨,西北风,微风,1,1183165
庆春广场站,2019-01-02,34236,5,3,小雨,西北风,微风,1,1183165
庆菱路站,2019-01-02,22682,5,3,小雨,西北风,微风,1,1183165
建国北路站,2019-01-02,30703,5,3,小雨,西北风,微风,1,1183165
建设一路站,2019-01-02,13070,5,3,小雨,西北风,微风,1,1183165
建设三路站,2019-01-02,20467,5,3,小雨,西北风,微风,1,1183165
彭埠站,2019-01-02,46013,5,3,小雨,西北风,微风,1,1183165
打铁关站,2019-01-02,44307,5,3,小雨,西北风,微风,1,1183165
振宁路站,2019-01-02,26666,5,3,小雨,西北风,微风,1,1183165
文新站,2019-01-02,28423,5,3,小雨,西北风,微风,1,1183165
文泽路站,2019-01-02,36402,5,3,小雨,西北风,微风,1,1183165
文海南路站,2019-01-02,33484,5,3,小雨,西北风,微风,1,1183165
新塘站,2019-01-02,12404,5,3,小雨,西北风,微风,1,1183165
新风站,2019-01-02,10287,5,3,小雨,西北风,微风,1,1183165
景芳站,2019-01-02,32637,5,3,小雨,西北风,微风,1,1183165
曹家桥站,2019-01-02,8922,5,3,小雨,西北风,微风,1,1183165
朝阳站,2019-01-02,14611,5,3,小雨,西北风,微风,1,1183165
杜甫村站,2019-01-02,16378,5,3,小雨,西北风,微风,1,1183165
杨家墩站,2019-01-02,12144,5,3,小雨,西北风,微风,1,1183165
杭发厂站,2019-01-02,20005,5,3,小雨,西北风,微风,1,1183165
武林广场站,2019-01-02,52344,5,3,小雨,西北风,微风,1,1183165
武林门站,2019-01-02,32312,5,3,小雨,西北风,微风,1,1183165
水澄桥站,2019-01-02,12897,5,3,小雨,西北风,微风,1,1183165
江锦路站,2019-01-02,30144,5,3,小雨,西北风,微风,1,1183165
江陵路站,2019-01-02,74391,5,3,小雨,西北风,微风,1,1183165
沈塘桥站,2019-01-02,37682,5,3,小雨,西北风,微风,1,1183165
浦沿站,2019-01-02,13743,5,3,小雨,西北风,微风,1,1183165
湘湖站,2019-01-02,20746,5,3,小雨,西北风,微风,1,1183165
滨和路站,2019-01-02,27402,5,3,小雨,西北风,微风,1,1183165
滨康路站,2019-01-02,13590,5,3,小雨,西北风,微风,1,1183165
潘水站,2019-01-02,11542,5,3,小雨,西北风,微风,1,1183165
火车东站,2019-01-02,192040,5,3,小雨,西北风,微风,1,1183165
甬江路站,2019-01-02,6503,5,3,小雨,西北风,微风,1,1183165
白洋站,2019-01-02,10857,5,3,小雨,西北风,微风,1,1183165
盈丰路站,2019-01-02,22679,5,3,小雨,西北风,微风,1,1183165
翁梅站,2019-01-02,16425,5,3,小雨,西北风,微风,1,1183165
联庄站,2019-01-02,20158,5,3,小雨,西北风,微风,1,1183165
良渚站,2019-01-02,12891,5,3,小雨,西北风,微风,1,1183165
虾龙圩站,2019-01-02,20276,5,3,小雨,西北风,微风,1,1183165
西兴站,2019-01-02,38122,5,3,小雨,西北风,微风,1,1183165
西湖文化广场站,2019-01-02,50910,5,3,小雨,西北风,微风,1,1183165
近江站,2019-01-02,42534,5,3,小雨,西北风,微风,1,1183165
金家渡站,2019-01-02,23339,5,3,小雨,西北风,微风,1,1183165
金沙湖站,2019-01-02,43321,5,3,小雨,西北风,微风,1,1183165
钱江世纪城站,2019-01-02,23924,5,3,小雨,西北风,微风,1,1183165
钱江路站,2019-01-02,41113,5,3,小雨,西北风,微风,1,1183165
闸弄口站,2019-01-02,41042,5,3,小雨,西北风,微风,1,1183165
飞虹路站,2019-01-02,21354,5,3,小雨,西北风,微风,1,1183165
高沙路站,2019-01-02,20517,5,3,小雨,西北风,微风,1,1183165
龙翔桥站,2019-01-02,84903,5,3,小雨,西北风,微风,1,1183165
七堡站,2019-01-03,15379,9,4,小雨,北风,微风,1,1142414
三坝站,2019-01-03,28260,9,4,小雨,北风,微风,1,1142414
三墩站,2019-01-03,23119,9,4,小雨,北风,微风,1,1142414
下沙江滨站,2019-01-03,18013,9,4,小雨,北风,微风,1,1142414
下沙西站,2019-01-03,14105,9,4,小雨,北风,微风,1,1142414
中医药大学站,2019-01-03,19698,9,4,小雨,北风,微风,1,1142414
中河北路站,2019-01-03,25380,9,4,小雨,北风,微风,1,1142414
丰潭路站,2019-01-03,32006,9,4,小雨,北风,微风,1,1142414
临平站,2019-01-03,44168,9,4,小雨,北风,微风,1,1142414
乔司南站,2019-01-03,8924,9,4,小雨,北风,微风,1,1142414
乔司站,2019-01-03,19167,9,4,小雨,北风,微风,1,1142414
九和路站,2019-01-03,35933,9,4,小雨,北风,微风,1,1142414
九堡站,2019-01-03,20041,9,4,小雨,北风,微风,1,1142414
云水站,2019-01-03,18717,9,4,小雨,北风,微风,1,1142414
人民广场站,2019-01-03,23200,9,4,小雨,北风,微风,1,1142414
人民路站,2019-01-03,20276,9,4,小雨,北风,微风,1,1142414
余杭高铁站,2019-01-03,8142,9,4,小雨,北风,微风,1,1142414
凤起路A站,2019-01-03,48971,9,4,小雨,北风,微风,1,1142414
凤起路B站,2019-01-03,22674,9,4,小雨,北风,微风,1,1142414
南星桥站,2019-01-03,24116,9,4,小雨,北风,微风,1,1142414
南苑站,2019-01-03,16743,9,4,小雨,北风,微风,1,1142414
古翠路站,2019-01-03,39462,9,4,小雨,北风,微风,1,1142414
城星路站,2019-01-03,32037,9,4,小雨,北风,微风,1,1142414
城站,2019-01-03,62235,9,4,小雨,北风,微风,1,1142414
墩祥街站,2019-01-03,22143,9,4,小雨,北风,微风,1,1142414
复兴路站,2019-01-03,8190,9,4,小雨,北风,微风,1,1142414
婺江路站,2019-01-03,20037,9,4,小雨,北风,微风,1,1142414
学院路站,2019-01-03,33180,9,4,小雨,北风,微风,1,1142414
定安路站,2019-01-03,43600,9,4,小雨,北风,微风,1,1142414
客运中心站,2019-01-03,49043,9,4,小雨,北风,微风,1,1142414
市民中心站,2019-01-03,32062,9,4,小雨,北风,微风,1,1142414
庆春广场站,2019-01-03,35703,9,4,小雨,北风,微风,1,1142414
庆菱路站,2019-01-03,22256,9,4,小雨,北风,微风,1,1142414
建国北路站,2019-01-03,30000,9,4,小雨,北风,微风,1,1142414
建设一路站,2019-01-03,12998,9,4,小雨,北风,微风,1,1142414
建设三路站,2019-01-03,20364,9,4,小雨,北风,微风,1,1142414
彭埠站,2019-01-03,46673,9,4,小雨,北风,微风,1,1142414
打铁关站,2019-01-03,43255,9,4,小雨,北风,微风,1,1142414
振宁路站,2019-01-03,26600,9,4,小雨,北风,微风,1,1142414
文新站,2019-01-03,27810,9,4,小雨,北风,微风,1,1142414
文泽路站,2019-01-03,33610,9,4,小雨,北风,微风,1,1142414
文海南路站,2019-01-03,31296,9,4,小雨,北风,微风,1,1142414
新塘站,2019-01-03,12877,9,4,小雨,北风,微风,1,1142414
新风站,2019-01-03,10507,9,4,小雨,北风,微风,1,1142414
景芳站,2019-01-03,33018,9,4,小雨,北风,微风,1,1142414
曹家桥站,2019-01-03,8987,9,4,小雨,北风,微风,1,1142414
朝阳站,2019-01-03,14177,9,4,小雨,北风,微风,1,1142414
杜甫村站,2019-01-03,16065,9,4,小雨,北风,微风,1,1142414
杨家墩站,2019-01-03,11123,9,4,小雨,北风,微风,1,1142414
杭发厂站,2019-01-03,19245,9,4,小雨,北风,微风,1,1142414
武林广场站,2019-01-03,48158,9,4,小雨,北风,微风,1,1142414
武林门站,2019-01-03,33106,9,4,小雨,北风,微风,1,1142414
水澄桥站,2019-01-03,12480,9,4,小雨,北风,微风,1,1142414
江锦路站,2019-01-03,29976,9,4,小雨,北风,微风,1,1142414
江陵路站,2019-01-03,74084,9,4,小雨,北风,微风,1,1142414
沈塘桥站,2019-01-03,37907,9,4,小雨,北风,微风,1,1142414
浦沿站,2019-01-03,12842,9,4,小雨,北风,微风,1,1142414
湘湖站,2019-01-03,20846,9,4,小雨,北风,微风,1,1142414
滨和路站,2019-01-03,26128,9,4,小雨,北风,微风,1,1142414
滨康路站,2019-01-03,13431,9,4,小雨,北风,微风,1,1142414
潘水站,2019-01-03,11600,9,4,小雨,北风,微风,1,1142414
火车东站,2019-01-03,151975,9,4,小雨,北风,微风,1,1142414
甬江路站,2019-01-03,6572,9,4,小雨,北风,微风,1,1142414
白洋站,2019-01-03,10804,9,4,小雨,北风,微风,1,1142414
盈丰路站,2019-01-03,23318,9,4,小雨,北风,微风,1,1142414
翁梅站,2019-01-03,15384,9,4,小雨,北风,微风,1,1142414
联庄站,2019-01-03,19619,9,4,小雨,北风,微风,1,1142414
良渚站,2019-01-03,12126,9,4,小雨,北风,微风,1,1142414
虾龙圩站,2019-01-03,20473,9,4,小雨,北风,微风,1,1142414
西兴站,2019-01-03,36721,9,4,小雨,北风,微风,1,1142414
西湖文化广场站,2019-01-03,50650,9,4,小雨,北风,微风,1,1142414
近江站,2019-01-03,43814,9,4,小雨,北风,微风,1,1142414
金家渡站,2019-01-03,22867,9,4,小雨,北风,微风,1,1142414
金沙湖站,2019-01-03,42775,9,4,小雨,北风,微风,1,1142414
钱江世纪城站,2019-01-03,24308,9,4,小雨,北风,微风,1,1142414
钱江路站,2019-01-03,42101,9,4,小雨,北风,微风,1,1142414
闸弄口站,2019-01-03,40372,9,4,小雨,北风,微风,1,1142414
飞虹路站,2019-01-03,21375,9,4,小雨,北风,微风,1,1142414
高沙路站,2019-01-03,20899,9,4,小雨,北风,微风,1,1142414
龙翔桥站,2019-01-03,81175,9,4,小雨,北风,微风,1,1142414
七堡站,2019-01-04,15401,8,5,中雨,北风,微风,1,1207362
三坝站,2019-01-04,30710,8,5,中雨,北风,微风,1,1207362
三墩站,2019-01-04,24011,8,5,中雨,北风,微风,1,1207362
下沙江滨站,2019-01-04,18710,8,5,中雨,北风,微风,1,1207362
下沙西站,2019-01-04,13694,8,5,中雨,北风,微风,1,1207362
中医药大学站,2019-01-04,21597,8,5,中雨,北风,微风,1,1207362
中河北路站,2019-01-04,27215,8,5,中雨,北风,微风,1,1207362
丰潭路站,2019-01-04,33557,8,5,中雨,北风,微风,1,1207362
临平站,2019-01-04,45646,8,5,中雨,北风,微风,1,1207362
乔司南站,2019-01-04,9189,8,5,中雨,北风,微风,1,1207362
乔司站,2019-01-04,18873,8,5,中雨,北风,微风,1,1207362
九和路站,2019-01-04,35600,8,5,中雨,北风,微风,1,1207362
九堡站,2019-01-04,20298,8,5,中雨,北风,微风,1,1207362
云水站,2019-01-04,21343,8,5,中雨,北风,微风,1,1207362
人民广场站,2019-01-04,25128,8,5,中雨,北风,微风,1,1207362
人民路站,2019-01-04,21284,8,5,中雨,北风,微风,1,1207362
余杭高铁站,2019-01-04,8797,8,5,中雨,北风,微风,1,1207362
凤起路A站,2019-01-04,52406,8,5,中雨,北风,微风,1,1207362
凤起路B站,2019-01-04,23151,8,5,中雨,北风,微风,1,1207362
南星桥站,2019-01-04,25030,8,5,中雨,北风,微风,1,1207362
南苑站,2019-01-04,16742,8,5,中雨,北风,微风,1,1207362
古翠路站,2019-01-04,41786,8,5,中雨,北风,微风,1,1207362
城星路站,2019-01-04,31613,8,5,中雨,北风,微风,1,1207362
城站,2019-01-04,64176,8,5,中雨,北风,微风,1,1207362
墩祥街站,2019-01-04,22860,8,5,中雨,北风,微风,1,1207362
复兴路站,2019-01-04,8530,8,5,中雨,北风,微风,1,1207362
婺江路站,2019-01-04,20144,8,5,中雨,北风,微风,1,1207362
学院路站,2019-01-04,35560,8,5,中雨,北风,微风,1,1207362
定安路站,2019-01-04,44629,8,5,中雨,北风,微风,1,1207362
客运中心站,2019-01-04,50477,8,5,中雨,北风,微风,1,1207362
市民中心站,2019-01-04,34182,8,5,中雨,北风,微风,1,1207362
庆春广场站,2019-01-04,36454,8,5,中雨,北风,微风,1,1207362
庆菱路站,2019-01-04,23841,8,5,中雨,北风,微风,1,1207362
建国北路站,2019-01-04,31903,8,5,中雨,北风,微风,1,1207362
建设一路站,2019-01-04,13349,8,5,中雨,北风,微风,1,1207362
建设三路站,2019-01-04,20469,8,5,中雨,北风,微风,1,1207362
彭埠站,2019-01-04,47705,8,5,中雨,北风,微风,1,1207362
打铁关站,2019-01-04,45253,8,5,中雨,北风,微风,1,1207362
振宁路站,2019-01-04,27189,8,5,中雨,北风,微风,1,1207362
文新站,2019-01-04,30007,8,5,中雨,北风,微风,1,1207362
文泽路站,2019-01-04,38941,8,5,中雨,北风,微风,1,1207362
文海南路站,2019-01-04,36929,8,5,中雨,北风,微风,1,1207362
新塘站,2019-01-04,12720,8,5,中雨,北风,微风,1,1207362
新风站,2019-01-04,10482,8,5,中雨,北风,微风,1,1207362
景芳站,2019-01-04,35967,8,5,中雨,北风,微风,1,1207362
曹家桥站,2019-01-04,9131,8,5,中雨,北风,微风,1,1207362
朝阳站,2019-01-04,15465,8,5,中雨,北风,微风,1,1207362
杜甫村站,2019-01-04,16826,8,5,中雨,北风,微风,1,1207362
杨家墩站,2019-01-04,12482,8,5,中雨,北风,微风,1,1207362
杭发厂站,2019-01-04,21427,8,5,中雨,北风,微风,1,1207362
武林广场站,2019-01-04,54283,8,5,中雨,北风,微风,1,1207362
武林门站,2019-01-04,32357,8,5,中雨,北风,微风,1,1207362
水澄桥站,2019-01-04,13755,8,5,中雨,北风,微风,1,1207362
江锦路站,2019-01-04,32631,8,5,中雨,北风,微风,1,1207362
江陵路站,2019-01-04,76143,8,5,中雨,北风,微风,1,1207362
沈塘桥站,2019-01-04,40023,8,5,中雨,北风,微风,1,1207362
浦沿站,2019-01-04,14181,8,5,中雨,北风,微风,1,1207362
湘湖站,2019-01-04,20374,8,5,中雨,北风,微风,1,1207362
滨和路站,2019-01-04,27992,8,5,中雨,北风,微风,1,1207362
滨康路站,2019-01-04,13379,8,5,中雨,北风,微风,1,1207362
潘水站,2019-01-04,12463,8,5,中雨,北风,微风,1,1207362
火车东站,2019-01-04,180933,8,5,中雨,北风,微风,1,1207362
甬江路站,2019-01-04,6805,8,5,中雨,北风,微风,1,1207362
白洋站,2019-01-04,10882,8,5,中雨,北风,微风,1,1207362
盈丰路站,2019-01-04,23993,8,5,中雨,北风,微风,1,1207362
翁梅站,2019-01-04,14917,8,5,中雨,北风,微风,1,1207362
联庄站,2019-01-04,20938,8,5,中雨,北风,微风,1,1207362
良渚站,2019-01-04,12386,8,5,中雨,北风,微风,1,1207362
虾龙圩站,2019-01-04,21862,8,5,中雨,北风,微风,1,1207362
西兴站,2019-01-04,38742,8,5,中雨,北风,微风,1,1207362
西湖文化广场站,2019-01-04,53291,8,5,中雨,北风,微风,1,1207362
近江站,2019-01-04,44558,8,5,中雨,北风,微风,1,1207362
金家渡站,2019-01-04,24177,8,5,中雨,北风,微风,1,1207362
金沙湖站,2019-01-04,46317,8,5,中雨,北风,微风,1,1207362
钱江世纪城站,2019-01-04,25665,8,5,中雨,北风,微风,1,1207362
钱江路站,2019-01-04,43804,8,5,中雨,北风,微风,1,1207362
闸弄口站,2019-01-04,42283,8,5,中雨,北风,微风,1,1207362
飞虹路站,2019-01-04,21973,8,5,中雨,北风,微风,1,1207362
高沙路站,2019-01-04,22200,8,5,中雨,北风,微风,1,1207362
龙翔桥站,2019-01-04,81656,8,5,中雨,北风,微风,1,1207362
七堡站,2019-01-05,10281,6,3,中雨,北风,微风,0,1002837
三坝站,2019-01-05,25572,6,3,中雨,北风,微风,0,1002837
三墩站,2019-01-05,18874,6,3,中雨,北风,微风,0,1002837
下沙江滨站,2019-01-05,15911,6,3,中雨,北风,微风,0,1002837
下沙西站,2019-01-05,10808,6,3,中雨,北风,微风,0,1002837
中医药大学站,2019-01-05,17365,6,3,中雨,北风,微风,0,1002837
中河北路站,2019-01-05,20071,6,3,中雨,北风,微风,0,1002837
丰潭路站,2019-01-05,26590,6,3,中雨,北风,微风,0,1002837
临平站,2019-01-05,37993,6,3,中雨,北风,微风,0,1002837
乔司南站,2019-01-05,7663,6,3,中雨,北风,微风,0,1002837
乔司站,2019-01-05,20458,6,3,中雨,北风,微风,0,1002837
九和路站,2019-01-05,26082,6,3,中雨,北风,微风,0,1002837
九堡站,2019-01-05,17828,6,3,中雨,北风,微风,0,1002837
云水站,2019-01-05,18218,6,3,中雨,北风,微风,0,1002837
人民广场站,2019-01-05,24960,6,3,中雨,北风,微风,0,1002837
人民路站,2019-01-05,20109,6,3,中雨,北风,微风,0,1002837
余杭高铁站,2019-01-05,6905,6,3,中雨,北风,微风,0,1002837
凤起路A站,2019-01-05,55295,6,3,中雨,北风,微风,0,1002837
凤起路B站,2019-01-05,23896,6,3,中雨,北风,微风,0,1002837
南星桥站,2019-01-05,15464,6,3,中雨,北风,微风,0,1002837
南苑站,2019-01-05,14486,6,3,中雨,北风,微风,0,1002837
古翠路站,2019-01-05,28377,6,3,中雨,北风,微风,0,1002837
城星路站,2019-01-05,12714,6,3,中雨,北风,微风,0,1002837
城站,2019-01-05,52245,6,3,中雨,北风,微风,0,1002837
墩祥街站,2019-01-05,18687,6,3,中雨,北风,微风,0,1002837
复兴路站,2019-01-05,6883,6,3,中雨,北风,微风,0,1002837
婺江路站,2019-01-05,17337,6,3,中雨,北风,微风,0,1002837
学院路站,2019-01-05,26344,6,3,中雨,北风,微风,0,1002837
定安路站,2019-01-05,46047,6,3,中雨,北风,微风,0,1002837
客运中心站,2019-01-05,44706,6,3,中雨,北风,微风,0,1002837
市民中心站,2019-01-05,33086,6,3,中雨,北风,微风,0,1002837
庆春广场站,2019-01-05,25970,6,3,中雨,北风,微风,0,1002837
庆菱路站,2019-01-05,18868,6,3,中雨,北风,微风,0,1002837
建国北路站,2019-01-05,24202,6,3,中雨,北风,微风,0,1002837
建设一路站,2019-01-05,9848,6,3,中雨,北风,微风,0,1002837
建设三路站,2019-01-05,16665,6,3,中雨,北风,微风,0,1002837
彭埠站,2019-01-05,35941,6,3,中雨,北风,微风,0,1002837
打铁关站,2019-01-05,35069,6,3,中雨,北风,微风,0,1002837
振宁路站,2019-01-05,22107,6,3,中雨,北风,微风,0,1002837
文新站,2019-01-05,24136,6,3,中雨,北风,微风,0,1002837
文泽路站,2019-01-05,37922,6,3,中雨,北风,微风,0,1002837
文海南路站,2019-01-05,34124,6,3,中雨,北风,微风,0,1002837
新塘站,2019-01-05,11806,6,3,中雨,北风,微风,0,1002837
新风站,2019-01-05,7804,6,3,中雨,北风,微风,0,1002837
景芳站,2019-01-05,29980,6,3,中雨,北风,微风,0,1002837
曹家桥站,2019-01-05,7383,6,3,中雨,北风,微风,0,1002837
朝阳站,2019-01-05,12245,6,3,中雨,北风,微风,0,1002837
杜甫村站,2019-01-05,16187,6,3,中雨,北风,微风,0,1002837
杨家墩站,2019-01-05,12477,6,3,中雨,北风,微风,0,1002837
杭发厂站,2019-01-05,23340,6,3,中雨,北风,微风,0,1002837
武林广场站,2019-01-05,51301,6,3,中雨,北风,微风,0,1002837
武林门站,2019-01-05,22715,6,3,中雨,北风,微风,0,1002837
水澄桥站,2019-01-05,10581,6,3,中雨,北风,微风,0,1002837
江锦路站,2019-01-05,21896,6,3,中雨,北风,微风,0,1002837
江陵路站,2019-01-05,49238,6,3,中雨,北风,微风,0,1002837
沈塘桥站,2019-01-05,26900,6,3,中雨,北风,微风,0,1002837
浦沿站,2019-01-05,12868,6,3,中雨,北风,微风,0,1002837
湘湖站,2019-01-05,16402,6,3,中雨,北风,微风,0,1002837
滨和路站,2019-01-05,21696,6,3,中雨,北风,微风,0,1002837
滨康路站,2019-01-05,10736,6,3,中雨,北风,微风,0,1002837
潘水站,2019-01-05,11075,6,3,中雨,北风,微风,0,1002837
火车东站,2019-01-05,158429,6,3,中雨,北风,微风,0,1002837
甬江路站,2019-01-05,5239,6,3,中雨,北风,微风,0,1002837
白洋站,2019-01-05,9025,6,3,中雨,北风,微风,0,1002837
盈丰路站,2019-01-05,15000,6,3,中雨,北风,微风,0,1002837
翁梅站,2019-01-05,13864,6,3,中雨,北风,微风,0,1002837
联庄站,2019-01-05,16555,6,3,中雨,北风,微风,0,1002837
良渚站,2019-01-05,10546,6,3,中雨,北风,微风,0,1002837
虾龙圩站,2019-01-05,19014,6,3,中雨,北风,微风,0,1002837
西兴站,2019-01-05,26579,6,3,中雨,北风,微风,0,1002837
西湖文化广场站,2019-01-05,39832,6,3,中雨,北风,微风,0,1002837
近江站,2019-01-05,29698,6,3,中雨,北风,微风,0,1002837
金家渡站,2019-01-05,20836,6,3,中雨,北风,微风,0,1002837
金沙湖站,2019-01-05,44945,6,3,中雨,北风,微风,0,1002837
钱江世纪城站,2019-01-05,18069,6,3,中雨,北风,微风,0,1002837
钱江路站,2019-01-05,31478,6,3,中雨,北风,微风,0,1002837
闸弄口站,2019-01-05,34600,6,3,中雨,北风,微风,0,1002837
飞虹路站,2019-01-05,17687,6,3,中雨,北风,微风,0,1002837
高沙路站,2019-01-05,20390,6,3,中雨,北风,微风,0,1002837
龙翔桥站,2019-01-05,103312,6,3,中雨,北风,微风,0,1002837
七堡站,2019-01-06,9502,7,4,小雨,东风,微风,0,970225
三坝站,2019-01-06,22194,7,4,小雨,东风,微风,0,970225
三墩站,2019-01-06,17442,7,4,小雨,东风,微风,0,970225
下沙江滨站,2019-01-06,15994,7,4,小雨,东风,微风,0,970225
下沙西站,2019-01-06,9357,7,4,小雨,东风,微风,0,970225
中医药大学站,2019-01-06,18174,7,4,小雨,东风,微风,0,970225
中河北路站,2019-01-06,18098,7,4,小雨,东风,微风,0,970225
丰潭路站,2019-01-06,24972,7,4,小雨,东风,微风,0,970225
临平站,2019-01-06,37809,7,4,小雨,东风,微风,0,970225
乔司南站,2019-01-06,6946,7,4,小雨,东风,微风,0,970225
乔司站,2019-01-06,21250,7,4,小雨,东风,微风,0,970225
九和路站,2019-01-06,21654,7,4,小雨,东风,微风,0,970225
九堡站,2019-01-06,16488,7,4,小雨,东风,微风,0,970225
云水站,2019-01-06,18437,7,4,小雨,东风,微风,0,970225
人民广场站,2019-01-06,23062,7,4,小雨,东风,微风,0,970225
人民路站,2019-01-06,19239,7,4,小雨,东风,微风,0,970225
余杭高铁站,2019-01-06,6743,7,4,小雨,东风,微风,0,970225
凤起路A站,2019-01-06,53662,7,4,小雨,东风,微风,0,970225
凤起路B站,2019-01-06,23204,7,4,小雨,东风,微风,0,970225
南星桥站,2019-01-06,13586,7,4,小雨,东风,微风,0,970225
南苑站,2019-01-06,13277,7,4,小雨,东风,微风,0,970225
古翠路站,2019-01-06,24890,7,4,小雨,东风,微风,0,970225
城星路站,2019-01-06,9625,7,4,小雨,东风,微风,0,970225
城站,2019-01-06,53783,7,4,小雨,东风,微风,0,970225
墩祥街站,2019-01-06,17801,7,4,小雨,东风,微风,0,970225
复兴路站,2019-01-06,6728,7,4,小雨,东风,微风,0,970225
婺江路站,2019-01-06,17945,7,4,小雨,东风,微风,0,970225
学院路站,2019-01-06,23833,7,4,小雨,东风,微风,0,970225
定安路站,2019-01-06,47980,7,4,小雨,东风,微风,0,970225
客运中心站,2019-01-06,45820,7,4,小雨,东风,微风,0,970225
市民中心站,2019-01-06,27183,7,4,小雨,东风,微风,0,970225
庆春广场站,2019-01-06,23133,7,4,小雨,东风,微风,0,970225
庆菱路站,2019-01-06,17480,7,4,小雨,东风,微风,0,970225
建国北路站,2019-01-06,21128,7,4,小雨,东风,微风,0,970225
建设一路站,2019-01-06,9303,7,4,小雨,东风,微风,0,970225
建设三路站,2019-01-06,15343,7,4,小雨,东风,微风,0,970225
彭埠站,2019-01-06,32568,7,4,小雨,东风,微风,0,970225
打铁关站,2019-01-06,32993,7,4,小雨,东风,微风,0,970225
振宁路站,2019-01-06,19530,7,4,小雨,东风,微风,0,970225
文新站,2019-01-06,22720,7,4,小雨,东风,微风,0,970225
文泽路站,2019-01-06,38397,7,4,小雨,东风,微风,0,970225
文海南路站,2019-01-06,32010,7,4,小雨,东风,微风,0,970225
新塘站,2019-01-06,10313,7,4,小雨,东风,微风,0,970225
新风站,2019-01-06,6301,7,4,小雨,东风,微风,0,970225
景芳站,2019-01-06,27297,7,4,小雨,东风,微风,0,970225
曹家桥站,2019-01-06,6732,7,4,小雨,东风,微风,0,970225
朝阳站,2019-01-06,12387,7,4,小雨,东风,微风,0,970225
杜甫村站,2019-01-06,16332,7,4,小雨,东风,微风,0,970225
杨家墩站,2019-01-06,12331,7,4,小雨,东风,微风,0,970225
杭发厂站,2019-01-06,22719,7,4,小雨,东风,微风,0,970225
武林广场站,2019-01-06,51833,7,4,小雨,东风,微风,0,970225
武林门站,2019-01-06,21866,7,4,小雨,东风,微风,0,970225
水澄桥站,2019-01-06,10626,7,4,小雨,东风,微风,0,970225
江锦路站,2019-01-06,18862,7,4,小雨,东风,微风,0,970225
江陵路站,2019-01-06,41031,7,4,小雨,东风,微风,0,970225
沈塘桥站,2019-01-06,24593,7,4,小雨,东风,微风,0,970225
浦沿站,2019-01-06,12749,7,4,小雨,东风,微风,0,970225
湘湖站,2019-01-06,17330,7,4,小雨,东风,微风,0,970225
滨和路站,2019-01-06,21711,7,4,小雨,东风,微风,0,970225
滨康路站,2019-01-06,10309,7,4,小雨,东风,微风,0,970225
潘水站,2019-01-06,10878,7,4,小雨,东风,微风,0,970225
火车东站,2019-01-06,179440,7,4,小雨,东风,微风,0,970225
甬江路站,2019-01-06,4839,7,4,小雨,东风,微风,0,970225
白洋站,2019-01-06,8722,7,4,小雨,东风,微风,0,970225
盈丰路站,2019-01-06,11560,7,4,小雨,东风,微风,0,970225
翁梅站,2019-01-06,14429,7,4,小雨,东风,微风,0,970225
联庄站,2019-01-06,15560,7,4,小雨,东风,微风,0,970225
良渚站,2019-01-06,11076,7,4,小雨,东风,微风,0,970225
虾龙圩站,2019-01-06,17140,7,4,小雨,东风,微风,0,970225
西兴站,2019-01-06,25237,7,4,小雨,东风,微风,0,970225
西湖文化广场站,2019-01-06,41528,7,4,小雨,东风,微风,0,970225
近江站,2019-01-06,26272,7,4,小雨,东风,微风,0,970225
金家渡站,2019-01-06,20560,7,4,小雨,东风,微风,0,970225
金沙湖站,2019-01-06,43754,7,4,小雨,东风,微风,0,970225
钱江世纪城站,2019-01-06,16749,7,4,小雨,东风,微风,0,970225
钱江路站,2019-01-06,27496,7,4,小雨,东风,微风,0,970225
闸弄口站,2019-01-06,33148,7,4,小雨,东风,微风,0,970225
飞虹路站,2019-01-06,16906,7,4,小雨,东风,微风,0,970225
高沙路站,2019-01-06,18583,7,4,小雨,东风,微风,0,970225
龙翔桥站,2019-01-06,107567,7,4,小雨,东风,微风,0,970225
七堡站,2019-01-07,14995,8,5,小雨,北风,微风,1,1124255
三坝站,2019-01-07,28513,8,5,小雨,北风,微风,1,1124255
三墩站,2019-01-07,22895,8,5,小雨,北风,微风,1,1124255
下沙江滨站,2019-01-07,17928,8,5,小雨,北风,微风,1,1124255
下沙西站,2019-01-07,13838,8,5,小雨,北风,微风,1,1124255
中医药大学站,2019-01-07,19975,8,5,小雨,北风,微风,1,1124255
中河北路站,2019-01-07,25647,8,5,小雨,北风,微风,1,1124255
丰潭路站,2019-01-07,31585,8,5,小雨,北风,微风,1,1124255
临平站,2019-01-07,44251,8,5,小雨,北风,微风,1,1124255
乔司南站,2019-01-07,8396,8,5,小雨,北风,微风,1,1124255
乔司站,2019-01-07,17838,8,5,小雨,北风,微风,1,1124255
九和路站,2019-01-07,34998,8,5,小雨,北风,微风,1,1124255
九堡站,2019-01-07,19811,8,5,小雨,北风,微风,1,1124255
云水站,2019-01-07,18487,8,5,小雨,北风,微风,1,1124255
人民广场站,2019-01-07,22148,8,5,小雨,北风,微风,1,1124255
人民路站,2019-01-07,19787,8,5,小雨,北风,微风,1,1124255
余杭高铁站,2019-01-07,8221,8,5,小雨,北风,微风,1,1124255
凤起路A站,2019-01-07,47930,8,5,小雨,北风,微风,1,1124255
凤起路B站,2019-01-07,21141,8,5,小雨,北风,微风,1,1124255
南星桥站,2019-01-07,24112,8,5,小雨,北风,微风,1,1124255
南苑站,2019-01-07,16058,8,5,小雨,北风,微风,1,1124255
古翠路站,2019-01-07,39500,8,5,小雨,北风,微风,1,1124255
城星路站,2019-01-07,31854,8,5,小雨,北风,微风,1,1124255
城站,2019-01-07,61661,8,5,小雨,北风,微风,1,1124255
墩祥街站,2019-01-07,21841,8,5,小雨,北风,微风,1,1124255
复兴路站,2019-01-07,8008,8,5,小雨,北风,微风,1,1124255
婺江路站,2019-01-07,18994,8,5,小雨,北风,微风,1,1124255
学院路站,2019-01-07,32477,8,5,小雨,北风,微风,1,1124255
定安路站,2019-01-07,40589,8,5,小雨,北风,微风,1,1124255
客运中心站,2019-01-07,47911,8,5,小雨,北风,微风,1,1124255
市民中心站,2019-01-07,29925,8,5,小雨,北风,微风,1,1124255
庆春广场站,2019-01-07,34979,8,5,小雨,北风,微风,1,1124255
庆菱路站,2019-01-07,22541,8,5,小雨,北风,微风,1,1124255
建国北路站,2019-01-07,30835,8,5,小雨,北风,微风,1,1124255
建设一路站,2019-01-07,13032,8,5,小雨,北风,微风,1,1124255
建设三路站,2019-01-07,20055,8,5,小雨,北风,微风,1,1124255
彭埠站,2019-01-07,45473,8,5,小雨,北风,微风,1,1124255
打铁关站,2019-01-07,42600,8,5,小雨,北风,微风,1,1124255
振宁路站,2019-01-07,25880,8,5,小雨,北风,微风,1,1124255
文新站,2019-01-07,27624,8,5,小雨,北风,微风,1,1124255
文泽路站,2019-01-07,32955,8,5,小雨,北风,微风,1,1124255
文海南路站,2019-01-07,30328,8,5,小雨,北风,微风,1,1124255
新塘站,2019-01-07,12617,8,5,小雨,北风,微风,1,1124255
新风站,2019-01-07,9431,8,5,小雨,北风,微风,1,1124255
景芳站,2019-01-07,31856,8,5,小雨,北风,微风,1,1124255
曹家桥站,2019-01-07,8630,8,5,小雨,北风,微风,1,1124255
朝阳站,2019-01-07,14393,8,5,小雨,北风,微风,1,1124255
杜甫村站,2019-01-07,15845,8,5,小雨,北风,微风,1,1124255
杨家墩站,2019-01-07,10905,8,5,小雨,北风,微风,1,1124255
杭发厂站,2019-01-07,18423,8,5,小雨,北风,微风,1,1124255
武林广场站,2019-01-07,47918,8,5,小雨,北风,微风,1,1124255
武林门站,2019-01-07,31911,8,5,小雨,北风,微风,1,1124255
水澄桥站,2019-01-07,12511,8,5,小雨,北风,微风,1,1124255
江锦路站,2019-01-07,29913,8,5,小雨,北风,微风,1,1124255
江陵路站,2019-01-07,73130,8,5,小雨,北风,微风,1,1124255
沈塘桥站,2019-01-07,37687,8,5,小雨,北风,微风,1,1124255
浦沿站,2019-01-07,12680,8,5,小雨,北风,微风,1,1124255
湘湖站,2019-01-07,20238,8,5,小雨,北风,微风,1,1124255
滨和路站,2019-01-07,26082,8,5,小雨,北风,微风,1,1124255
滨康路站,2019-01-07,13293,8,5,小雨,北风,微风,1,1124255
潘水站,2019-01-07,11361,8,5,小雨,北风,微风,1,1124255
火车东站,2019-01-07,156647,8,5,小雨,北风,微风,1,1124255
甬江路站,2019-01-07,6502,8,5,小雨,北风,微风,1,1124255
白洋站,2019-01-07,10363,8,5,小雨,北风,微风,1,1124255
盈丰路站,2019-01-07,22775,8,5,小雨,北风,微风,1,1124255
翁梅站,2019-01-07,14561,8,5,小雨,北风,微风,1,1124255
联庄站,2019-01-07,19315,8,5,小雨,北风,微风,1,1124255
良渚站,2019-01-07,11956,8,5,小雨,北风,微风,1,1124255
虾龙圩站,2019-01-07,19744,8,5,小雨,北风,微风,1,1124255
西兴站,2019-01-07,37164,8,5,小雨,北风,微风,1,1124255
西湖文化广场站,2019-01-07,50529,8,5,小雨,北风,微风,1,1124255
近江站,2019-01-07,43050,8,5,小雨,北风,微风,1,1124255
金家渡站,2019-01-07,22523,8,5,小雨,北风,微风,1,1124255
金沙湖站,2019-01-07,41225,8,5,小雨,北风,微风,1,1124255
钱江世纪城站,2019-01-07,24654,8,5,小雨,北风,微风,1,1124255
钱江路站,2019-01-07,39819,8,5,小雨,北风,微风,1,1124255
闸弄口站,2019-01-07,40837,8,5,小雨,北风,微风,1,1124255
飞虹路站,2019-01-07,21005,8,5,小雨,北风,微风,1,1124255
高沙路站,2019-01-07,19499,8,5,小雨,北风,微风,1,1124255
龙翔桥站,2019-01-07,78826,8,5,小雨,北风,微风,1,1124255
七堡站,2019-01-08,15667,6,4,阴,东北风,微风,1,1148216
三坝站,2019-01-08,28937,6,4,阴,东北风,微风,1,1148216
三墩站,2019-01-08,23358,6,4,阴,东北风,微风,1,1148216
下沙江滨站,2019-01-08,17971,6,4,阴,东北风,微风,1,1148216
下沙西站,2019-01-08,13921,6,4,阴,东北风,微风,1,1148216
中医药大学站,2019-01-08,20240,6,4,阴,东北风,微风,1,1148216
中河北路站,2019-01-08,25905,6,4,阴,东北风,微风,1,1148216
丰潭路站,2019-01-08,31956,6,4,阴,东北风,微风,1,1148216
临平站,2019-01-08,45267,6,4,阴,东北风,微风,1,1148216
乔司南站,2019-01-08,8812,6,4,阴,东北风,微风,1,1148216
乔司站,2019-01-08,18449,6,4,阴,东北风,微风,1,1148216
九和路站,2019-01-08,35609,6,4,阴,东北风,微风,1,1148216
九堡站,2019-01-08,20847,6,4,阴,东北风,微风,1,1148216
云水站,2019-01-08,18732,6,4,阴,东北风,微风,1,1148216
人民广场站,2019-01-08,24349,6,4,阴,东北风,微风,1,1148216
人民路站,2019-01-08,20909,6,4,阴,东北风,微风,1,1148216
余杭高铁站,2019-01-08,8213,6,4,阴,东北风,微风,1,1148216
凤起路A站,2019-01-08,50152,6,4,阴,东北风,微风,1,1148216
凤起路B站,2019-01-08,22172,6,4,阴,东北风,微风,1,1148216
南星桥站,2019-01-08,23919,6,4,阴,东北风,微风,1,1148216
南苑站,2019-01-08,16322,6,4,阴,东北风,微风,1,1148216
古翠路站,2019-01-08,40303,6,4,阴,东北风,微风,1,1148216
城星路站,2019-01-08,31486,6,4,阴,东北风,微风,1,1148216
城站,2019-01-08,60445,6,4,阴,东北风,微风,1,1148216
墩祥街站,2019-01-08,22527,6,4,阴,东北风,微风,1,1148216
复兴路站,2019-01-08,8062,6,4,阴,东北风,微风,1,1148216
婺江路站,2019-01-08,19423,6,4,阴,东北风,微风,1,1148216
学院路站,2019-01-08,32999,6,4,阴,东北风,微风,1,1148216
定安路站,2019-01-08,43671,6,4,阴,东北风,微风,1,1148216
客运中心站,2019-01-08,48123,6,4,阴,东北风,微风,1,1148216
市民中心站,2019-01-08,31595,6,4,阴,东北风,微风,1,1148216
庆春广场站,2019-01-08,35444,6,4,阴,东北风,微风,1,1148216
庆菱路站,2019-01-08,23079,6,4,阴,东北风,微风,1,1148216
建国北路站,2019-01-08,31460,6,4,阴,东北风,微风,1,1148216
建设一路站,2019-01-08,13259,6,4,阴,东北风,微风,1,1148216
建设三路站,2019-01-08,20455,6,4,阴,东北风,微风,1,1148216
彭埠站,2019-01-08,46258,6,4,阴,东北风,微风,1,1148216
打铁关站,2019-01-08,44017,6,4,阴,东北风,微风,1,1148216
振宁路站,2019-01-08,26157,6,4,阴,东北风,微风,1,1148216
文新站,2019-01-08,28286,6,4,阴,东北风,微风,1,1148216
文泽路站,2019-01-08,33629,6,4,阴,东北风,微风,1,1148216
文海南路站,2019-01-08,31807,6,4,阴,东北风,微风,1,1148216
新塘站,2019-01-08,13149,6,4,阴,东北风,微风,1,1148216
新风站,2019-01-08,9735,6,4,阴,东北风,微风,1,1148216
景芳站,2019-01-08,33623,6,4,阴,东北风,微风,1,1148216
曹家桥站,2019-01-08,8969,6,4,阴,东北风,微风,1,1148216
朝阳站,2019-01-08,14557,6,4,阴,东北风,微风,1,1148216
杜甫村站,2019-01-08,17342,6,4,阴,东北风,微风,1,1148216
杨家墩站,2019-01-08,11468,6,4,阴,东北风,微风,1,1148216
杭发厂站,2019-01-08,19091,6,4,阴,东北风,微风,1,1148216
武林广场站,2019-01-08,49285,6,4,阴,东北风,微风,1,1148216
武林门站,2019-01-08,31954,6,4,阴,东北风,微风,1,1148216
水澄桥站,2019-01-08,12690,6,4,阴,东北风,微风,1,1148216
江锦路站,2019-01-08,30568,6,4,阴,东北风,微风,1,1148216
江陵路站,2019-01-08,73435,6,4,阴,东北风,微风,1,1148216
沈塘桥站,2019-01-08,38092,6,4,阴,东北风,微风,1,1148216
浦沿站,2019-01-08,12892,6,4,阴,东北风,微风,1,1148216
湘湖站,2019-01-08,20683,6,4,阴,东北风,微风,1,1148216
滨和路站,2019-01-08,26575,6,4,阴,东北风,微风,1,1148216
滨康路站,2019-01-08,13099,6,4,阴,东北风,微风,1,1148216
潘水站,2019-01-08,11689,6,4,阴,东北风,微风,1,1148216
火车东站,2019-01-08,153215,6,4,阴,东北风,微风,1,1148216
甬江路站,2019-01-08,6425,6,4,阴,东北风,微风,1,1148216
白洋站,2019-01-08,10783,6,4,阴,东北风,微风,1,1148216
盈丰路站,2019-01-08,22907,6,4,阴,东北风,微风,1,1148216
翁梅站,2019-01-08,15152,6,4,阴,东北风,微风,1,1148216
联庄站,2019-01-08,19475,6,4,阴,东北风,微风,1,1148216
良渚站,2019-01-08,12157,6,4,阴,东北风,微风,1,1148216
虾龙圩站,2019-01-08,19678,6,4,阴,东北风,微风,1,1148216
西兴站,2019-01-08,37182,6,4,阴,东北风,微风,1,1148216
西湖文化广场站,2019-01-08,51676,6,4,阴,东北风,微风,1,1148216
近江站,2019-01-08,44540,6,4,阴,东北风,微风,1,1148216
金家渡站,2019-01-08,23225,6,4,阴,东北风,微风,1,1148216
金沙湖站,2019-01-08,43418,6,4,阴,东北风,微风,1,1148216
钱江世纪城站,2019-01-08,24641,6,4,阴,东北风,微风,1,1148216
钱江路站,2019-01-08,39995,6,4,阴,东北风,微风,1,1148216
闸弄口站,2019-01-08,41454,6,4,阴,东北风,微风,1,1148216
飞虹路站,2019-01-08,21164,6,4,阴,东北风,微风,1,1148216
高沙路站,2019-01-08,19917,6,4,阴,东北风,微风,1,1148216
龙翔桥站,2019-01-08,84736,6,4,阴,东北风,微风,1,1148216
七堡站,2019-01-09,15217,6,6,小雨,北风,微风,1,1136026
三坝站,2019-01-09,28451,6,6,小雨,北风,微风,1,1136026
三墩站,2019-01-09,23167,6,6,小雨,北风,微风,1,1136026
下沙江滨站,2019-01-09,17716,6,6,小雨,北风,微风,1,1136026
下沙西站,2019-01-09,13717,6,6,小雨,北风,微风,1,1136026
中医药大学站,2019-01-09,20541,6,6,小雨,北风,微风,1,1136026
中河北路站,2019-01-09,26174,6,6,小雨,北风,微风,1,1136026
丰潭路站,2019-01-09,31575,6,6,小雨,北风,微风,1,1136026
临平站,2019-01-09,44195,6,6,小雨,北风,微风,1,1136026
乔司南站,2019-01-09,8624,6,6,小雨,北风,微风,1,1136026
乔司站,2019-01-09,18145,6,6,小雨,北风,微风,1,1136026
九和路站,2019-01-09,35046,6,6,小雨,北风,微风,1,1136026
九堡站,2019-01-09,20184,6,6,小雨,北风,微风,1,1136026
云水站,2019-01-09,18783,6,6,小雨,北风,微风,1,1136026
人民广场站,2019-01-09,24151,6,6,小雨,北风,微风,1,1136026
人民路站,2019-01-09,20663,6,6,小雨,北风,微风,1,1136026
余杭高铁站,2019-01-09,8031,6,6,小雨,北风,微风,1,1136026
凤起路A站,2019-01-09,49272,6,6,小雨,北风,微风,1,1136026
凤起路B站,2019-01-09,21500,6,6,小雨,北风,微风,1,1136026
南星桥站,2019-01-09,24293,6,6,小雨,北风,微风,1,1136026
南苑站,2019-01-09,16031,6,6,小雨,北风,微风,1,1136026
古翠路站,2019-01-09,39974,6,6,小雨,北风,微风,1,1136026
城星路站,2019-01-09,31708,6,6,小雨,北风,微风,1,1136026
城站,2019-01-09,60435,6,6,小雨,北风,微风,1,1136026
墩祥街站,2019-01-09,22019,6,6,小雨,北风,微风,1,1136026
复兴路站,2019-01-09,8197,6,6,小雨,北风,微风,1,1136026
婺江路站,2019-01-09,19263,6,6,小雨,北风,微风,1,1136026
学院路站,2019-01-09,32998,6,6,小雨,北风,微风,1,1136026
定安路站,2019-01-09,42811,6,6,小雨,北风,微风,1,1136026
客运中心站,2019-01-09,47744,6,6,小雨,北风,微风,1,1136026
市民中心站,2019-01-09,32421,6,6,小雨,北风,微风,1,1136026
庆春广场站,2019-01-09,36075,6,6,小雨,北风,微风,1,1136026
庆菱路站,2019-01-09,23043,6,6,小雨,北风,微风,1,1136026
建国北路站,2019-01-09,31907,6,6,小雨,北风,微风,1,1136026
建设一路站,2019-01-09,12986,6,6,小雨,北风,微风,1,1136026
建设三路站,2019-01-09,20237,6,6,小雨,北风,微风,1,1136026
彭埠站,2019-01-09,45700,6,6,小雨,北风,微风,1,1136026
打铁关站,2019-01-09,42825,6,6,小雨,北风,微风,1,1136026
振宁路站,2019-01-09,25827,6,6,小雨,北风,微风,1,1136026
文新站,2019-01-09,27382,6,6,小雨,北风,微风,1,1136026
文泽路站,2019-01-09,32635,6,6,小雨,北风,微风,1,1136026
文海南路站,2019-01-09,32798,6,6,小雨,北风,微风,1,1136026
新塘站,2019-01-09,12575,6,6,小雨,北风,微风,1,1136026
新风站,2019-01-09,9675,6,6,小雨,北风,微风,1,1136026
景芳站,2019-01-09,34125,6,6,小雨,北风,微风,1,1136026
曹家桥站,2019-01-09,8887,6,6,小雨,北风,微风,1,1136026
朝阳站,2019-01-09,14294,6,6,小雨,北风,微风,1,1136026
杜甫村站,2019-01-09,15520,6,6,小雨,北风,微风,1,1136026
杨家墩站,2019-01-09,11803,6,6,小雨,北风,微风,1,1136026
杭发厂站,2019-01-09,19091,6,6,小雨,北风,微风,1,1136026
武林广场站,2019-01-09,49273,6,6,小雨,北风,微风,1,1136026
武林门站,2019-01-09,32063,6,6,小雨,北风,微风,1,1136026
水澄桥站,2019-01-09,12370,6,6,小雨,北风,微风,1,1136026
江锦路站,2019-01-09,30486,6,6,小雨,北风,微风,1,1136026
江陵路站,2019-01-09,71829,6,6,小雨,北风,微风,1,1136026
沈塘桥站,2019-01-09,38921,6,6,小雨,北风,微风,1,1136026
浦沿站,2019-01-09,12508,6,6,小雨,北风,微风,1,1136026
湘湖站,2019-01-09,19853,6,6,小雨,北风,微风,1,1136026
滨和路站,2019-01-09,26259,6,6,小雨,北风,微风,1,1136026
滨康路站,2019-01-09,12874,6,6,小雨,北风,微风,1,1136026
潘水站,2019-01-09,11450,6,6,小雨,北风,微风,1,1136026
火车东站,2019-01-09,156112,6,6,小雨,北风,微风,1,1136026
甬江路站,2019-01-09,6540,6,6,小雨,北风,微风,1,1136026
白洋站,2019-01-09,10653,6,6,小雨,北风,微风,1,1136026
盈丰路站,2019-01-09,23040,6,6,小雨,北风,微风,1,1136026
翁梅站,2019-01-09,14474,6,6,小雨,北风,微风,1,1136026
联庄站,2019-01-09,19239,6,6,小雨,北风,微风,1,1136026
良渚站,2019-01-09,11528,6,6,小雨,北风,微风,1,1136026
虾龙圩站,2019-01-09,19690,6,6,小雨,北风,微风,1,1136026
西兴站,2019-01-09,36325,6,6,小雨,北风,微风,1,1136026
西湖文化广场站,2019-01-09,50603,6,6,小雨,北风,微风,1,1136026
近江站,2019-01-09,44516,6,6,小雨,北风,微风,1,1136026
金家渡站,2019-01-09,22589,6,6,小雨,北风,微风,1,1136026
金沙湖站,2019-01-09,42154,6,6,小雨,北风,微风,1,1136026
钱江世纪城站,2019-01-09,24917,6,6,小雨,北风,微风,1,1136026
钱江路站,2019-01-09,39950,6,6,小雨,北风,微风,1,1136026
闸弄口站,2019-01-09,40306,6,6,小雨,北风,微风,1,1136026
飞虹路站,2019-01-09,20962,6,6,小雨,北风,微风,1,1136026
高沙路站,2019-01-09,19593,6,6,小雨,北风,微风,1,1136026
龙翔桥站,2019-01-09,79955,6,6,小雨,北风,微风,1,1136026
七堡站,2019-01-10,15816,8,6,小雨,北风,微风,1,1154171
三坝站,2019-01-10,28671,8,6,小雨,北风,微风,1,1154171
三墩站,2019-01-10,23129,8,6,小雨,北风,微风,1,1154171
下沙江滨站,2019-01-10,17690,8,6,小雨,北风,微风,1,1154171
下沙西站,2019-01-10,13668,8,6,小雨,北风,微风,1,1154171
中医药大学站,2019-01-10,20125,8,6,小雨,北风,微风,1,1154171
中河北路站,2019-01-10,25901,8,6,小雨,北风,微风,1,1154171
丰潭路站,2019-01-10,31555,8,6,小雨,北风,微风,1,1154171
临平站,2019-01-10,44345,8,6,小雨,北风,微风,1,1154171
乔司南站,2019-01-10,8913,8,6,小雨,北风,微风,1,1154171
乔司站,2019-01-10,18129,8,6,小雨,北风,微风,1,1154171
九和路站,2019-01-10,35770,8,6,小雨,北风,微风,1,1154171
九堡站,2019-01-10,19998,8,6,小雨,北风,微风,1,1154171
云水站,2019-01-10,19518,8,6,小雨,北风,微风,1,1154171
人民广场站,2019-01-10,23090,8,6,小雨,北风,微风,1,1154171
人民路站,2019-01-10,20119,8,6,小雨,北风,微风,1,1154171
余杭高铁站,2019-01-10,8067,8,6,小雨,北风,微风,1,1154171
凤起路A站,2019-01-10,50195,8,6,小雨,北风,微风,1,1154171
凤起路B站,2019-01-10,23064,8,6,小雨,北风,微风,1,1154171
南星桥站,2019-01-10,24344,8,6,小雨,北风,微风,1,1154171
南苑站,2019-01-10,16247,8,6,小雨,北风,微风,1,1154171
古翠路站,2019-01-10,39834,8,6,小雨,北风,微风,1,1154171
城星路站,2019-01-10,31548,8,6,小雨,北风,微风,1,1154171
城站,2019-01-10,62897,8,6,小雨,北风,微风,1,1154171
墩祥街站,2019-01-10,22928,8,6,小雨,北风,微风,1,1154171
复兴路站,2019-01-10,8218,8,6,小雨,北风,微风,1,1154171
婺江路站,2019-01-10,19295,8,6,小雨,北风,微风,1,1154171
学院路站,2019-01-10,33103,8,6,小雨,北风,微风,1,1154171
定安路站,2019-01-10,44598,8,6,小雨,北风,微风,1,1154171
客运中心站,2019-01-10,48353,8,6,小雨,北风,微风,1,1154171
市民中心站,2019-01-10,31353,8,6,小雨,北风,微风,1,1154171
庆春广场站,2019-01-10,35444,8,6,小雨,北风,微风,1,1154171
庆菱路站,2019-01-10,23274,8,6,小雨,北风,微风,1,1154171
建国北路站,2019-01-10,32132,8,6,小雨,北风,微风,1,1154171
建设一路站,2019-01-10,13264,8,6,小雨,北风,微风,1,1154171
建设三路站,2019-01-10,19960,8,6,小雨,北风,微风,1,1154171
彭埠站,2019-01-10,45681,8,6,小雨,北风,微风,1,1154171
打铁关站,2019-01-10,42686,8,6,小雨,北风,微风,1,1154171
振宁路站,2019-01-10,26117,8,6,小雨,北风,微风,1,1154171
文新站,2019-01-10,27742,8,6,小雨,北风,微风,1,1154171
文泽路站,2019-01-10,35108,8,6,小雨,北风,微风,1,1154171
文海南路站,2019-01-10,36047,8,6,小雨,北风,微风,1,1154171
新塘站,2019-01-10,13000,8,6,小雨,北风,微风,1,1154171
新风站,2019-01-10,9782,8,6,小雨,北风,微风,1,1154171
景芳站,2019-01-10,33991,8,6,小雨,北风,微风,1,1154171
曹家桥站,2019-01-10,8893,8,6,小雨,北风,微风,1,1154171
朝阳站,2019-01-10,14011,8,6,小雨,北风,微风,1,1154171
杜甫村站,2019-01-10,15932,8,6,小雨,北风,微风,1,1154171
杨家墩站,2019-01-10,12069,8,6,小雨,北风,微风,1,1154171
杭发厂站,2019-01-10,19144,8,6,小雨,北风,微风,1,1154171
武林广场站,2019-01-10,50748,8,6,小雨,北风,微风,1,1154171
武林门站,2019-01-10,31854,8,6,小雨,北风,微风,1,1154171
水澄桥站,2019-01-10,12731,8,6,小雨,北风,微风,1,1154171
江锦路站,2019-01-10,30954,8,6,小雨,北风,微风,1,1154171
江陵路站,2019-01-10,73041,8,6,小雨,北风,微风,1,1154171
沈塘桥站,2019-01-10,40218,8,6,小雨,北风,微风,1,1154171
浦沿站,2019-01-10,13147,8,6,小雨,北风,微风,1,1154171
湘湖站,2019-01-10,20592,8,6,小雨,北风,微风,1,1154171
滨和路站,2019-01-10,26216,8,6,小雨,北风,微风,1,1154171
滨康路站,2019-01-10,13156,8,6,小雨,北风,微风,1,1154171
潘水站,2019-01-10,11523,8,6,小雨,北风,微风,1,1154171
火车东站,2019-01-10,161914,8,6,小雨,北风,微风,1,1154171
甬江路站,2019-01-10,6704,8,6,小雨,北风,微风,1,1154171
白洋站,2019-01-10,10476,8,6,小雨,北风,微风,1,1154171
盈丰路站,2019-01-10,23491,8,6,小雨,北风,微风,1,1154171
翁梅站,2019-01-10,14977,8,6,小雨,北风,微风,1,1154171
联庄站,2019-01-10,19482,8,6,小雨,北风,微风,1,1154171
良渚站,2019-01-10,11742,8,6,小雨,北风,微风,1,1154171
虾龙圩站,2019-01-10,19909,8,6,小雨,北风,微风,1,1154171
西兴站,2019-01-10,36369,8,6,小雨,北风,微风,1,1154171
西湖文化广场站,2019-01-10,51478,8,6,小雨,北风,微风,1,1154171
近江站,2019-01-10,44411,8,6,小雨,北风,微风,1,1154171
金家渡站,2019-01-10,22465,8,6,小雨,北风,微风,1,1154171
金沙湖站,2019-01-10,43956,8,6,小雨,北风,微风,1,1154171
钱江世纪城站,2019-01-10,25620,8,6,小雨,北风,微风,1,1154171
钱江路站,2019-01-10,40515,8,6,小雨,北风,微风,1,1154171
闸弄口站,2019-01-10,40794,8,6,小雨,北风,微风,1,1154171
飞虹路站,2019-01-10,20861,8,6,小雨,北风,微风,1,1154171
高沙路站,2019-01-10,20231,8,6,小雨,北风,微风,1,1154171
龙翔桥站,2019-01-10,83198,8,6,小雨,北风,微风,1,1154171
七堡站,2019-01-11,15185,8,5,中雨,西北风,微风,1,1245880
三坝站,2019-01-11,31126,8,5,中雨,西北风,微风,1,1245880
三墩站,2019-01-11,24955,8,5,中雨,西北风,微风,1,1245880
下沙江滨站,2019-01-11,19223,8,5,中雨,西北风,微风,1,1245880
下沙西站,2019-01-11,13636,8,5,中雨,西北风,微风,1,1245880
中医药大学站,2019-01-11,22611,8,5,中雨,西北风,微风,1,1245880
中河北路站,2019-01-11,26693,8,5,中雨,西北风,微风,1,1245880
丰潭路站,2019-01-11,34278,8,5,中雨,西北风,微风,1,1245880
临平站,2019-01-11,47125,8,5,中雨,西北风,微风,1,1245880
乔司南站,2019-01-11,9159,8,5,中雨,西北风,微风,1,1245880
乔司站,2019-01-11,18985,8,5,中雨,西北风,微风,1,1245880
九和路站,2019-01-11,35896,8,5,中雨,西北风,微风,1,1245880
九堡站,2019-01-11,20532,8,5,中雨,西北风,微风,1,1245880
云水站,2019-01-11,22159,8,5,中雨,西北风,微风,1,1245880
人民广场站,2019-01-11,25499,8,5,中雨,西北风,微风,1,1245880
人民路站,2019-01-11,21597,8,5,中雨,西北风,微风,1,1245880
余杭高铁站,2019-01-11,8915,8,5,中雨,西北风,微风,1,1245880
凤起路A站,2019-01-11,55603,8,5,中雨,西北风,微风,1,1245880
凤起路B站,2019-01-11,24810,8,5,中雨,西北风,微风,1,1245880
南星桥站,2019-01-11,24974,8,5,中雨,西北风,微风,1,1245880
南苑站,2019-01-11,16684,8,5,中雨,西北风,微风,1,1245880
古翠路站,2019-01-11,42923,8,5,中雨,西北风,微风,1,1245880
城星路站,2019-01-11,31533,8,5,中雨,西北风,微风,1,1245880
城站,2019-01-11,67629,8,5,中雨,西北风,微风,1,1245880
墩祥街站,2019-01-11,23328,8,5,中雨,西北风,微风,1,1245880
复兴路站,2019-01-11,8793,8,5,中雨,西北风,微风,1,1245880
婺江路站,2019-01-11,20757,8,5,中雨,西北风,微风,1,1245880
学院路站,2019-01-11,35960,8,5,中雨,西北风,微风,1,1245880
定安路站,2019-01-11,46540,8,5,中雨,西北风,微风,1,1245880
客运中心站,2019-01-11,51313,8,5,中雨,西北风,微风,1,1245880
市民中心站,2019-01-11,33719,8,5,中雨,西北风,微风,1,1245880
庆春广场站,2019-01-11,36581,8,5,中雨,西北风,微风,1,1245880
庆菱路站,2019-01-11,24542,8,5,中雨,西北风,微风,1,1245880
建国北路站,2019-01-11,33168,8,5,中雨,西北风,微风,1,1245880
建设一路站,2019-01-11,13589,8,5,中雨,西北风,微风,1,1245880
建设三路站,2019-01-11,21533,8,5,中雨,西北风,微风,1,1245880
彭埠站,2019-01-11,47535,8,5,中雨,西北风,微风,1,1245880
打铁关站,2019-01-11,46108,8,5,中雨,西北风,微风,1,1245880
振宁路站,2019-01-11,26748,8,5,中雨,西北风,微风,1,1245880
文新站,2019-01-11,30864,8,5,中雨,西北风,微风,1,1245880
文泽路站,2019-01-11,40479,8,5,中雨,西北风,微风,1,1245880
文海南路站,2019-01-11,39819,8,5,中雨,西北风,微风,1,1245880
新塘站,2019-01-11,13085,8,5,中雨,西北风,微风,1,1245880
新风站,2019-01-11,9938,8,5,中雨,西北风,微风,1,1245880
景芳站,2019-01-11,37171,8,5,中雨,西北风,微风,1,1245880
曹家桥站,2019-01-11,9401,8,5,中雨,西北风,微风,1,1245880
朝阳站,2019-01-11,15720,8,5,中雨,西北风,微风,1,1245880
杜甫村站,2019-01-11,17536,8,5,中雨,西北风,微风,1,1245880
杨家墩站,2019-01-11,12478,8,5,中雨,西北风,微风,1,1245880
杭发厂站,2019-01-11,21873,8,5,中雨,西北风,微风,1,1245880
武林广场站,2019-01-11,57568,8,5,中雨,西北风,微风,1,1245880
武林门站,2019-01-11,33802,8,5,中雨,西北风,微风,1,1245880
水澄桥站,2019-01-11,14113,8,5,中雨,西北风,微风,1,1245880
江锦路站,2019-01-11,32901,8,5,中雨,西北风,微风,1,1245880
江陵路站,2019-01-11,76661,8,5,中雨,西北风,微风,1,1245880
沈塘桥站,2019-01-11,41024,8,5,中雨,西北风,微风,1,1245880
浦沿站,2019-01-11,14971,8,5,中雨,西北风,微风,1,1245880
湘湖站,2019-01-11,21146,8,5,中雨,西北风,微风,1,1245880
滨和路站,2019-01-11,28126,8,5,中雨,西北风,微风,1,1245880
滨康路站,2019-01-11,13389,8,5,中雨,西北风,微风,1,1245880
潘水站,2019-01-11,12620,8,5,中雨,西北风,微风,1,1245880
火车东站,2019-01-11,206355,8,5,中雨,西北风,微风,1,1245880
甬江路站,2019-01-11,7187,8,5,中雨,西北风,微风,1,1245880
白洋站,2019-01-11,11978,8,5,中雨,西北风,微风,1,1245880
盈丰路站,2019-01-11,23640,8,5,中雨,西北风,微风,1,1245880
翁梅站,2019-01-11,14777,8,5,中雨,西北风,微风,1,1245880
联庄站,2019-01-11,21351,8,5,中雨,西北风,微风,1,1245880
良渚站,2019-01-11,12887,8,5,中雨,西北风,微风,1,1245880
虾龙圩站,2019-01-11,21914,8,5,中雨,西北风,微风,1,1245880
西兴站,2019-01-11,39434,8,5,中雨,西北风,微风,1,1245880
西湖文化广场站,2019-01-11,55530,8,5,中雨,西北风,微风,1,1245880
近江站,2019-01-11,45840,8,5,中雨,西北风,微风,1,1245880
金家渡站,2019-01-11,24959,8,5,中雨,西北风,微风,1,1245880
金沙湖站,2019-01-11,46559,8,5,中雨,西北风,微风,1,1245880
钱江世纪城站,2019-01-11,25766,8,5,中雨,西北风,微风,1,1245880
钱江路站,2019-01-11,42358,8,5,中雨,西北风,微风,1,1245880
闸弄口站,2019-01-11,42352,8,5,中雨,西北风,微风,1,1245880
飞虹路站,2019-01-11,21763,8,5,中雨,西北风,微风,1,1245880
高沙路站,2019-01-11,21957,8,5,中雨,西北风,微风,1,1245880
龙翔桥站,2019-01-11,88624,8,5,中雨,西北风,微风,1,1245880
七堡站,2019-01-12,10028,8,2,阴,北风,微风,0,1079366
三坝站,2019-01-12,26559,8,2,阴,北风,微风,0,1079366
三墩站,2019-01-12,20059,8,2,阴,北风,微风,0,1079366
下沙江滨站,2019-01-12,17391,8,2,阴,北风,微风,0,1079366
下沙西站,2019-01-12,10917,8,2,阴,北风,微风,0,1079366
中医药大学站,2019-01-12,18648,8,2,阴,北风,微风,0,1079366
中河北路站,2019-01-12,20936,8,2,阴,北风,微风,0,1079366
丰潭路站,2019-01-12,28652,8,2,阴,北风,微风,0,1079366
临平站,2019-01-12,40765,8,2,阴,北风,微风,0,1079366
乔司南站,2019-01-12,8053,8,2,阴,北风,微风,0,1079366
乔司站,2019-01-12,22273,8,2,阴,北风,微风,0,1079366
九和路站,2019-01-12,26842,8,2,阴,北风,微风,0,1079366
九堡站,2019-01-12,18902,8,2,阴,北风,微风,0,1079366
云水站,2019-01-12,20076,8,2,阴,北风,微风,0,1079366
人民广场站,2019-01-12,25722,8,2,阴,北风,微风,0,1079366
人民路站,2019-01-12,20785,8,2,阴,北风,微风,0,1079366
余杭高铁站,2019-01-12,7083,8,2,阴,北风,微风,0,1079366
凤起路A站,2019-01-12,63067,8,2,阴,北风,微风,0,1079366
凤起路B站,2019-01-12,27491,8,2,阴,北风,微风,0,1079366
南星桥站,2019-01-12,15268,8,2,阴,北风,微风,0,1079366
南苑站,2019-01-12,14377,8,2,阴,北风,微风,0,1079366
古翠路站,2019-01-12,29486,8,2,阴,北风,微风,0,1079366
城星路站,2019-01-12,12064,8,2,阴,北风,微风,0,1079366
城站,2019-01-12,59899,8,2,阴,北风,微风,0,1079366
墩祥街站,2019-01-12,20280,8,2,阴,北风,微风,0,1079366
复兴路站,2019-01-12,7077,8,2,阴,北风,微风,0,1079366
婺江路站,2019-01-12,19348,8,2,阴,北风,微风,0,1079366
学院路站,2019-01-12,27140,8,2,阴,北风,微风,0,1079366
定安路站,2019-01-12,53969,8,2,阴,北风,微风,0,1079366
客运中心站,2019-01-12,47801,8,2,阴,北风,微风,0,1079366
市民中心站,2019-01-12,27168,8,2,阴,北风,微风,0,1079366
庆春广场站,2019-01-12,26947,8,2,阴,北风,微风,0,1079366
庆菱路站,2019-01-12,19930,8,2,阴,北风,微风,0,1079366
建国北路站,2019-01-12,24605,8,2,阴,北风,微风,0,1079366
建设一路站,2019-01-12,10321,8,2,阴,北风,微风,0,1079366
建设三路站,2019-01-12,17316,8,2,阴,北风,微风,0,1079366
彭埠站,2019-01-12,37850,8,2,阴,北风,微风,0,1079366
打铁关站,2019-01-12,36308,8,2,阴,北风,微风,0,1079366
振宁路站,2019-01-12,22345,8,2,阴,北风,微风,0,1079366
文新站,2019-01-12,25353,8,2,阴,北风,微风,0,1079366
文泽路站,2019-01-12,42735,8,2,阴,北风,微风,0,1079366
文海南路站,2019-01-12,36950,8,2,阴,北风,微风,0,1079366
新塘站,2019-01-12,10775,8,2,阴,北风,微风,0,1079366
新风站,2019-01-12,7475,8,2,阴,北风,微风,0,1079366
景芳站,2019-01-12,30882,8,2,阴,北风,微风,0,1079366
曹家桥站,2019-01-12,7795,8,2,阴,北风,微风,0,1079366
朝阳站,2019-01-12,13767,8,2,阴,北风,微风,0,1079366
杜甫村站,2019-01-12,17037,8,2,阴,北风,微风,0,1079366
杨家墩站,2019-01-12,13309,8,2,阴,北风,微风,0,1079366
杭发厂站,2019-01-12,24972,8,2,阴,北风,微风,0,1079366
武林广场站,2019-01-12,55956,8,2,阴,北风,微风,0,1079366
武林门站,2019-01-12,23892,8,2,阴,北风,微风,0,1079366
水澄桥站,2019-01-12,11507,8,2,阴,北风,微风,0,1079366
江锦路站,2019-01-12,22451,8,2,阴,北风,微风,0,1079366
江陵路站,2019-01-12,50517,8,2,阴,北风,微风,0,1079366
沈塘桥站,2019-01-12,28284,8,2,阴,北风,微风,0,1079366
浦沿站,2019-01-12,12596,8,2,阴,北风,微风,0,1079366
湘湖站,2019-01-12,18002,8,2,阴,北风,微风,0,1079366
滨和路站,2019-01-12,23280,8,2,阴,北风,微风,0,1079366
滨康路站,2019-01-12,11439,8,2,阴,北风,微风,0,1079366
潘水站,2019-01-12,11605,8,2,阴,北风,微风,0,1079366
火车东站,2019-01-12,185322,8,2,阴,北风,微风,0,1079366
甬江路站,2019-01-12,5556,8,2,阴,北风,微风,0,1079366
白洋站,2019-01-12,9713,8,2,阴,北风,微风,0,1079366
盈丰路站,2019-01-12,15309,8,2,阴,北风,微风,0,1079366
翁梅站,2019-01-12,14914,8,2,阴,北风,微风,0,1079366
联庄站,2019-01-12,17699,8,2,阴,北风,微风,0,1079366
良渚站,2019-01-12,11415,8,2,阴,北风,微风,0,1079366
虾龙圩站,2019-01-12,19049,8,2,阴,北风,微风,0,1079366
西兴站,2019-01-12,29566,8,2,阴,北风,微风,0,1079366
西湖文化广场站,2019-01-12,46302,8,2,阴,北风,微风,0,1079366
近江站,2019-01-12,30703,8,2,阴,北风,微风,0,1079366
金家渡站,2019-01-12,22049,8,2,阴,北风,微风,0,1079366
金沙湖站,2019-01-12,47201,8,2,阴,北风,微风,0,1079366
钱江世纪城站,2019-01-12,18127,8,2,阴,北风,微风,0,1079366
钱江路站,2019-01-12,31412,8,2,阴,北风,微风,0,1079366
闸弄口站,2019-01-12,36522,8,2,阴,北风,微风,0,1079366
飞虹路站,2019-01-12,18473,8,2,阴,北风,微风,0,1079366
高沙路站,2019-01-12,20898,8,2,阴,北风,微风,0,1079366
龙翔桥站,2019-01-12,123900,8,2,阴,北风,微风,0,1079366
七堡站,2019-01-13,9415,8,2,晴,北风,微风,0,1027484
三坝站,2019-01-13,23406,8,2,晴,北风,微风,0,1027484
三墩站,2019-01-13,18694,8,2,晴,北风,微风,0,1027484
下沙江滨站,2019-01-13,16656,8,2,晴,北风,微风,0,1027484
下沙西站,2019-01-13,9798,8,2,晴,北风,微风,0,1027484
中医药大学站,2019-01-13,17934,8,2,晴,北风,微风,0,1027484
中河北路站,2019-01-13,18742,8,2,晴,北风,微风,0,1027484
丰潭路站,2019-01-13,26628,8,2,晴,北风,微风,0,1027484
临平站,2019-01-13,40690,8,2,晴,北风,微风,0,1027484
乔司南站,2019-01-13,7333,8,2,晴,北风,微风,0,1027484
乔司站,2019-01-13,23036,8,2,晴,北风,微风,0,1027484
九和路站,2019-01-13,23257,8,2,晴,北风,微风,0,1027484
九堡站,2019-01-13,18338,8,2,晴,北风,微风,0,1027484
云水站,2019-01-13,18722,8,2,晴,北风,微风,0,1027484
人民广场站,2019-01-13,23740,8,2,晴,北风,微风,0,1027484
人民路站,2019-01-13,19801,8,2,晴,北风,微风,0,1027484
余杭高铁站,2019-01-13,7218,8,2,晴,北风,微风,0,1027484
凤起路A站,2019-01-13,59780,8,2,晴,北风,微风,0,1027484
凤起路B站,2019-01-13,25621,8,2,晴,北风,微风,0,1027484
南星桥站,2019-01-13,14077,8,2,晴,北风,微风,0,1027484
南苑站,2019-01-13,13596,8,2,晴,北风,微风,0,1027484
古翠路站,2019-01-13,25634,8,2,晴,北风,微风,0,1027484
城星路站,2019-01-13,9693,8,2,晴,北风,微风,0,1027484
城站,2019-01-13,62115,8,2,晴,北风,微风,0,1027484
墩祥街站,2019-01-13,18768,8,2,晴,北风,微风,0,1027484
复兴路站,2019-01-13,6652,8,2,晴,北风,微风,0,1027484
婺江路站,2019-01-13,18785,8,2,晴,北风,微风,0,1027484
学院路站,2019-01-13,24300,8,2,晴,北风,微风,0,1027484
定安路站,2019-01-13,52003,8,2,晴,北风,微风,0,1027484
客运中心站,2019-01-13,48155,8,2,晴,北风,微风,0,1027484
市民中心站,2019-01-13,26349,8,2,晴,北风,微风,0,1027484
庆春广场站,2019-01-13,24477,8,2,晴,北风,微风,0,1027484
庆菱路站,2019-01-13,18497,8,2,晴,北风,微风,0,1027484
建国北路站,2019-01-13,21646,8,2,晴,北风,微风,0,1027484
建设一路站,2019-01-13,9986,8,2,晴,北风,微风,0,1027484
建设三路站,2019-01-13,16446,8,2,晴,北风,微风,0,1027484
彭埠站,2019-01-13,34003,8,2,晴,北风,微风,0,1027484
打铁关站,2019-01-13,34614,8,2,晴,北风,微风,0,1027484
振宁路站,2019-01-13,20650,8,2,晴,北风,微风,0,1027484
文新站,2019-01-13,24172,8,2,晴,北风,微风,0,1027484
文泽路站,2019-01-13,39253,8,2,晴,北风,微风,0,1027484
文海南路站,2019-01-13,29936,8,2,晴,北风,微风,0,1027484
新塘站,2019-01-13,9969,8,2,晴,北风,微风,0,1027484
新风站,2019-01-13,6527,8,2,晴,北风,微风,0,1027484
景芳站,2019-01-13,27991,8,2,晴,北风,微风,0,1027484
曹家桥站,2019-01-13,7256,8,2,晴,北风,微风,0,1027484
朝阳站,2019-01-13,13445,8,2,晴,北风,微风,0,1027484
杜甫村站,2019-01-13,17048,8,2,晴,北风,微风,0,1027484
杨家墩站,2019-01-13,12738,8,2,晴,北风,微风,0,1027484
杭发厂站,2019-01-13,24818,8,2,晴,北风,微风,0,1027484
武林广场站,2019-01-13,52976,8,2,晴,北风,微风,0,1027484
武林门站,2019-01-13,21749,8,2,晴,北风,微风,0,1027484
水澄桥站,2019-01-13,12119,8,2,晴,北风,微风,0,1027484
江锦路站,2019-01-13,19867,8,2,晴,北风,微风,0,1027484
江陵路站,2019-01-13,42474,8,2,晴,北风,微风,0,1027484
沈塘桥站,2019-01-13,25256,8,2,晴,北风,微风,0,1027484
浦沿站,2019-01-13,12775,8,2,晴,北风,微风,0,1027484
湘湖站,2019-01-13,18782,8,2,晴,北风,微风,0,1027484
滨和路站,2019-01-13,23050,8,2,晴,北风,微风,0,1027484
滨康路站,2019-01-13,11328,8,2,晴,北风,微风,0,1027484
潘水站,2019-01-13,11797,8,2,晴,北风,微风,0,1027484
火车东站,2019-01-13,200618,8,2,晴,北风,微风,0,1027484
甬江路站,2019-01-13,4923,8,2,晴,北风,微风,0,1027484
白洋站,2019-01-13,9437,8,2,晴,北风,微风,0,1027484
盈丰路站,2019-01-13,12035,8,2,晴,北风,微风,0,1027484
翁梅站,2019-01-13,15935,8,2,晴,北风,微风,0,1027484
联庄站,2019-01-13,16559,8,2,晴,北风,微风,0,1027484
良渚站,2019-01-13,11859,8,2,晴,北风,微风,0,1027484
虾龙圩站,2019-01-13,17840,8,2,晴,北风,微风,0,1027484
西兴站,2019-01-13,27259,8,2,晴,北风,微风,0,1027484
西湖文化广场站,2019-01-13,43386,8,2,晴,北风,微风,0,1027484
近江站,2019-01-13,26803,8,2,晴,北风,微风,0,1027484
金家渡站,2019-01-13,21247,8,2,晴,北风,微风,0,1027484
金沙湖站,2019-01-13,43861,8,2,晴,北风,微风,0,1027484
钱江世纪城站,2019-01-13,16163,8,2,晴,北风,微风,0,1027484
钱江路站,2019-01-13,27954,8,2,晴,北风,微风,0,1027484
闸弄口站,2019-01-13,34397,8,2,晴,北风,微风,0,1027484
飞虹路站,2019-01-13,17072,8,2,晴,北风,微风,0,1027484
高沙路站,2019-01-13,19349,8,2,晴,北风,微风,0,1027484
龙翔桥站,2019-01-13,121985,8,2,晴,北风,微风,0,1027484
七堡站,2019-01-14,15376,8,4,小雨,东风,微风,1,1193722
三坝站,2019-01-14,29219,8,4,小雨,东风,微风,1,1193722
三墩站,2019-01-14,24522,8,4,小雨,东风,微风,1,1193722
下沙江滨站,2019-01-14,18525,8,4,小雨,东风,微风,1,1193722
下沙西站,2019-01-14,14078,8,4,小雨,东风,微风,1,1193722
中医药大学站,2019-01-14,20884,8,4,小雨,东风,微风,1,1193722
中河北路站,2019-01-14,26527,8,4,小雨,东风,微风,1,1193722
丰潭路站,2019-01-14,33092,8,4,小雨,东风,微风,1,1193722
临平站,2019-01-14,47404,8,4,小雨,东风,微风,1,1193722
乔司南站,2019-01-14,9099,8,4,小雨,东风,微风,1,1193722
乔司站,2019-01-14,19770,8,4,小雨,东风,微风,1,1193722
九和路站,2019-01-14,36357,8,4,小雨,东风,微风,1,1193722
九堡站,2019-01-14,20611,8,4,小雨,东风,微风,1,1193722
云水站,2019-01-14,20495,8,4,小雨,东风,微风,1,1193722
人民广场站,2019-01-14,24136,8,4,小雨,东风,微风,1,1193722
人民路站,2019-01-14,21247,8,4,小雨,东风,微风,1,1193722
余杭高铁站,2019-01-14,8696,8,4,小雨,东风,微风,1,1193722
凤起路A站,2019-01-14,53706,8,4,小雨,东风,微风,1,1193722
凤起路B站,2019-01-14,23654,8,4,小雨,东风,微风,1,1193722
南星桥站,2019-01-14,24824,8,4,小雨,东风,微风,1,1193722
南苑站,2019-01-14,16578,8,4,小雨,东风,微风,1,1193722
古翠路站,2019-01-14,40942,8,4,小雨,东风,微风,1,1193722
城星路站,2019-01-14,31891,8,4,小雨,东风,微风,1,1193722
城站,2019-01-14,67956,8,4,小雨,东风,微风,1,1193722
墩祥街站,2019-01-14,23114,8,4,小雨,东风,微风,1,1193722
复兴路站,2019-01-14,8248,8,4,小雨,东风,微风,1,1193722
婺江路站,2019-01-14,20443,8,4,小雨,东风,微风,1,1193722
学院路站,2019-01-14,33743,8,4,小雨,东风,微风,1,1193722
定安路站,2019-01-14,45822,8,4,小雨,东风,微风,1,1193722
客运中心站,2019-01-14,50983,8,4,小雨,东风,微风,1,1193722
市民中心站,2019-01-14,31238,8,4,小雨,东风,微风,1,1193722
庆春广场站,2019-01-14,35826,8,4,小雨,东风,微风,1,1193722
庆菱路站,2019-01-14,24029,8,4,小雨,东风,微风,1,1193722
建国北路站,2019-01-14,31824,8,4,小雨,东风,微风,1,1193722
建设一路站,2019-01-14,13909,8,4,小雨,东风,微风,1,1193722
建设三路站,2019-01-14,21241,8,4,小雨,东风,微风,1,1193722
彭埠站,2019-01-14,47448,8,4,小雨,东风,微风,1,1193722
打铁关站,2019-01-14,45701,8,4,小雨,东风,微风,1,1193722
振宁路站,2019-01-14,26625,8,4,小雨,东风,微风,1,1193722
文新站,2019-01-14,28538,8,4,小雨,东风,微风,1,1193722
文泽路站,2019-01-14,36409,8,4,小雨,东风,微风,1,1193722
文海南路站,2019-01-14,31375,8,4,小雨,东风,微风,1,1193722
新塘站,2019-01-14,12607,8,4,小雨,东风,微风,1,1193722
新风站,2019-01-14,9867,8,4,小雨,东风,微风,1,1193722
景芳站,2019-01-14,33236,8,4,小雨,东风,微风,1,1193722
曹家桥站,2019-01-14,9173,8,4,小雨,东风,微风,1,1193722
朝阳站,2019-01-14,16096,8,4,小雨,东风,微风,1,1193722
杜甫村站,2019-01-14,16971,8,4,小雨,东风,微风,1,1193722
杨家墩站,2019-01-14,11752,8,4,小雨,东风,微风,1,1193722
杭发厂站,2019-01-14,20560,8,4,小雨,东风,微风,1,1193722
武林广场站,2019-01-14,52202,8,4,小雨,东风,微风,1,1193722
武林门站,2019-01-14,32725,8,4,小雨,东风,微风,1,1193722
水澄桥站,2019-01-14,13607,8,4,小雨,东风,微风,1,1193722
江锦路站,2019-01-14,30977,8,4,小雨,东风,微风,1,1193722
江陵路站,2019-01-14,75847,8,4,小雨,东风,微风,1,1193722
沈塘桥站,2019-01-14,39406,8,4,小雨,东风,微风,1,1193722
浦沿站,2019-01-14,13065,8,4,小雨,东风,微风,1,1193722
湘湖站,2019-01-14,21665,8,4,小雨,东风,微风,1,1193722
滨和路站,2019-01-14,27061,8,4,小雨,东风,微风,1,1193722
滨康路站,2019-01-14,13748,8,4,小雨,东风,微风,1,1193722
潘水站,2019-01-14,12430,8,4,小雨,东风,微风,1,1193722
火车东站,2019-01-14,171642,8,4,小雨,东风,微风,1,1193722
甬江路站,2019-01-14,6791,8,4,小雨,东风,微风,1,1193722
白洋站,2019-01-14,11285,8,4,小雨,东风,微风,1,1193722
盈丰路站,2019-01-14,23516,8,4,小雨,东风,微风,1,1193722
翁梅站,2019-01-14,16291,8,4,小雨,东风,微风,1,1193722
联庄站,2019-01-14,20252,8,4,小雨,东风,微风,1,1193722
良渚站,2019-01-14,13067,8,4,小雨,东风,微风,1,1193722
虾龙圩站,2019-01-14,20705,8,4,小雨,东风,微风,1,1193722
西兴站,2019-01-14,38121,8,4,小雨,东风,微风,1,1193722
西湖文化广场站,2019-01-14,52018,8,4,小雨,东风,微风,1,1193722
近江站,2019-01-14,44402,8,4,小雨,东风,微风,1,1193722
金家渡站,2019-01-14,23819,8,4,小雨,东风,微风,1,1193722
金沙湖站,2019-01-14,44165,8,4,小雨,东风,微风,1,1193722
钱江世纪城站,2019-01-14,25356,8,4,小雨,东风,微风,1,1193722
钱江路站,2019-01-14,41190,8,4,小雨,东风,微风,1,1193722
闸弄口站,2019-01-14,42268,8,4,小雨,东风,微风,1,1193722
飞虹路站,2019-01-14,21415,8,4,小雨,东风,微风,1,1193722
高沙路站,2019-01-14,19963,8,4,小雨,东风,微风,1,1193722
龙翔桥站,2019-01-14,91801,8,4,小雨,东风,微风,1,1193722
七堡站,2019-01-15,15288,7,4,小雨,北风,北风3-4级,1,1149566
三坝站,2019-01-15,28799,7,4,小雨,北风,北风3-4级,1,1149566
三墩站,2019-01-15,23371,7,4,小雨,北风,北风3-4级,1,1149566
下沙江滨站,2019-01-15,17868,7,4,小雨,北风,北风3-4级,1,1149566
下沙西站,2019-01-15,13446,7,4,小雨,北风,北风3-4级,1,1149566
中医药大学站,2019-01-15,19804,7,4,小雨,北风,北风3-4级,1,1149566
中河北路站,2019-01-15,25829,7,4,小雨,北风,北风3-4级,1,1149566
丰潭路站,2019-01-15,31593,7,4,小雨,北风,北风3-4级,1,1149566
临平站,2019-01-15,43753,7,4,小雨,北风,北风3-4级,1,1149566
乔司南站,2019-01-15,8793,7,4,小雨,北风,北风3-4级,1,1149566
乔司站,2019-01-15,18547,7,4,小雨,北风,北风3-4级,1,1149566
九和路站,2019-01-15,35086,7,4,小雨,北风,北风3-4级,1,1149566
九堡站,2019-01-15,20041,7,4,小雨,北风,北风3-4级,1,1149566
云水站,2019-01-15,19493,7,4,小雨,北风,北风3-4级,1,1149566
人民广场站,2019-01-15,23370,7,4,小雨,北风,北风3-4级,1,1149566
人民路站,2019-01-15,20534,7,4,小雨,北风,北风3-4级,1,1149566
余杭高铁站,2019-01-15,8286,7,4,小雨,北风,北风3-4级,1,1149566
凤起路A站,2019-01-15,52496,7,4,小雨,北风,北风3-4级,1,1149566
凤起路B站,2019-01-15,22280,7,4,小雨,北风,北风3-4级,1,1149566
南星桥站,2019-01-15,24164,7,4,小雨,北风,北风3-4级,1,1149566
南苑站,2019-01-15,16173,7,4,小雨,北风,北风3-4级,1,1149566
古翠路站,2019-01-15,39461,7,4,小雨,北风,北风3-4级,1,1149566
城星路站,2019-01-15,31324,7,4,小雨,北风,北风3-4级,1,1149566
城站,2019-01-15,65563,7,4,小雨,北风,北风3-4级,1,1149566
墩祥街站,2019-01-15,22122,7,4,小雨,北风,北风3-4级,1,1149566
复兴路站,2019-01-15,8080,7,4,小雨,北风,北风3-4级,1,1149566
婺江路站,2019-01-15,19946,7,4,小雨,北风,北风3-4级,1,1149566
学院路站,2019-01-15,32600,7,4,小雨,北风,北风3-4级,1,1149566
定安路站,2019-01-15,42755,7,4,小雨,北风,北风3-4级,1,1149566
客运中心站,2019-01-15,48566,7,4,小雨,北风,北风3-4级,1,1149566
市民中心站,2019-01-15,31859,7,4,小雨,北风,北风3-4级,1,1149566
庆春广场站,2019-01-15,35813,7,4,小雨,北风,北风3-4级,1,1149566
庆菱路站,2019-01-15,23442,7,4,小雨,北风,北风3-4级,1,1149566
建国北路站,2019-01-15,31228,7,4,小雨,北风,北风3-4级,1,1149566
建设一路站,2019-01-15,13460,7,4,小雨,北风,北风3-4级,1,1149566
建设三路站,2019-01-15,20702,7,4,小雨,北风,北风3-4级,1,1149566
彭埠站,2019-01-15,45646,7,4,小雨,北风,北风3-4级,1,1149566
打铁关站,2019-01-15,41903,7,4,小雨,北风,北风3-4级,1,1149566
振宁路站,2019-01-15,25594,7,4,小雨,北风,北风3-4级,1,1149566
文新站,2019-01-15,27184,7,4,小雨,北风,北风3-4级,1,1149566
文泽路站,2019-01-15,35760,7,4,小雨,北风,北风3-4级,1,1149566
文海南路站,2019-01-15,30697,7,4,小雨,北风,北风3-4级,1,1149566
新塘站,2019-01-15,13050,7,4,小雨,北风,北风3-4级,1,1149566
新风站,2019-01-15,9911,7,4,小雨,北风,北风3-4级,1,1149566
景芳站,2019-01-15,33766,7,4,小雨,北风,北风3-4级,1,1149566
曹家桥站,2019-01-15,8844,7,4,小雨,北风,北风3-4级,1,1149566
朝阳站,2019-01-15,14812,7,4,小雨,北风,北风3-4级,1,1149566
杜甫村站,2019-01-15,16786,7,4,小雨,北风,北风3-4级,1,1149566
杨家墩站,2019-01-15,11706,7,4,小雨,北风,北风3-4级,1,1149566
杭发厂站,2019-01-15,19436,7,4,小雨,北风,北风3-4级,1,1149566
武林广场站,2019-01-15,49286,7,4,小雨,北风,北风3-4级,1,1149566
武林门站,2019-01-15,32396,7,4,小雨,北风,北风3-4级,1,1149566
水澄桥站,2019-01-15,12582,7,4,小雨,北风,北风3-4级,1,1149566
江锦路站,2019-01-15,30265,7,4,小雨,北风,北风3-4级,1,1149566
江陵路站,2019-01-15,72630,7,4,小雨,北风,北风3-4级,1,1149566
沈塘桥站,2019-01-15,39079,7,4,小雨,北风,北风3-4级,1,1149566
浦沿站,2019-01-15,12647,7,4,小雨,北风,北风3-4级,1,1149566
湘湖站,2019-01-15,20333,7,4,小雨,北风,北风3-4级,1,1149566
滨和路站,2019-01-15,25987,7,4,小雨,北风,北风3-4级,1,1149566
滨康路站,2019-01-15,13064,7,4,小雨,北风,北风3-4级,1,1149566
潘水站,2019-01-15,11663,7,4,小雨,北风,北风3-4级,1,1149566
火车东站,2019-01-15,164335,7,4,小雨,北风,北风3-4级,1,1149566
甬江路站,2019-01-15,6325,7,4,小雨,北风,北风3-4级,1,1149566
白洋站,2019-01-15,10813,7,4,小雨,北风,北风3-4级,1,1149566
盈丰路站,2019-01-15,23111,7,4,小雨,北风,北风3-4级,1,1149566
翁梅站,2019-01-15,15604,7,4,小雨,北风,北风3-4级,1,1149566
联庄站,2019-01-15,19024,7,4,小雨,北风,北风3-4级,1,1149566
良渚站,2019-01-15,12066,7,4,小雨,北风,北风3-4级,1,1149566
虾龙圩站,2019-01-15,19979,7,4,小雨,北风,北风3-4级,1,1149566
西兴站,2019-01-15,36000,7,4,小雨,北风,北风3-4级,1,1149566
西湖文化广场站,2019-01-15,51002,7,4,小雨,北风,北风3-4级,1,1149566
近江站,2019-01-15,43351,7,4,小雨,北风,北风3-4级,1,1149566
金家渡站,2019-01-15,22725,7,4,小雨,北风,北风3-4级,1,1149566
金沙湖站,2019-01-15,42429,7,4,小雨,北风,北风3-4级,1,1149566
钱江世纪城站,2019-01-15,24924,7,4,小雨,北风,北风3-4级,1,1149566
钱江路站,2019-01-15,40107,7,4,小雨,北风,北风3-4级,1,1149566
闸弄口站,2019-01-15,41226,7,4,小雨,北风,北风3-4级,1,1149566
飞虹路站,2019-01-15,21269,7,4,小雨,北风,北风3-4级,1,1149566
高沙路站,2019-01-15,19790,7,4,小雨,北风,北风3-4级,1,1149566
龙翔桥站,2019-01-15,81209,7,4,小雨,北风,北风3-4级,1,1149566
七堡站,2019-01-16,15801,7,1,多云,北风,微风,1,1204034
三坝站,2019-01-16,29402,7,1,多云,北风,微风,1,1204034
三墩站,2019-01-16,23627,7,1,多云,北风,微风,1,1204034
下沙江滨站,2019-01-16,18222,7,1,多云,北风,微风,1,1204034
下沙西站,2019-01-16,14245,7,1,多云,北风,微风,1,1204034
中医药大学站,2019-01-16,21058,7,1,多云,北风,微风,1,1204034
中河北路站,2019-01-16,26311,7,1,多云,北风,微风,1,1204034
丰潭路站,2019-01-16,33338,7,1,多云,北风,微风,1,1204034
临平站,2019-01-16,45391,7,1,多云,北风,微风,1,1204034
乔司南站,2019-01-16,9303,7,1,多云,北风,微风,1,1204034
乔司站,2019-01-16,20173,7,1,多云,北风,微风,1,1204034
九和路站,2019-01-16,36304,7,1,多云,北风,微风,1,1204034
九堡站,2019-01-16,21375,7,1,多云,北风,微风,1,1204034
云水站,2019-01-16,19671,7,1,多云,北风,微风,1,1204034
人民广场站,2019-01-16,24157,7,1,多云,北风,微风,1,1204034
人民路站,2019-01-16,21405,7,1,多云,北风,微风,1,1204034
余杭高铁站,2019-01-16,8433,7,1,多云,北风,微风,1,1204034
凤起路A站,2019-01-16,55754,7,1,多云,北风,微风,1,1204034
凤起路B站,2019-01-16,24370,7,1,多云,北风,微风,1,1204034
南星桥站,2019-01-16,24375,7,1,多云,北风,微风,1,1204034
南苑站,2019-01-16,16719,7,1,多云,北风,微风,1,1204034
古翠路站,2019-01-16,40543,7,1,多云,北风,微风,1,1204034
城星路站,2019-01-16,31580,7,1,多云,北风,微风,1,1204034
城站,2019-01-16,67875,7,1,多云,北风,微风,1,1204034
墩祥街站,2019-01-16,22669,7,1,多云,北风,微风,1,1204034
复兴路站,2019-01-16,8301,7,1,多云,北风,微风,1,1204034
婺江路站,2019-01-16,20287,7,1,多云,北风,微风,1,1204034
学院路站,2019-01-16,33671,7,1,多云,北风,微风,1,1204034
定安路站,2019-01-16,47713,7,1,多云,北风,微风,1,1204034
客运中心站,2019-01-16,51712,7,1,多云,北风,微风,1,1204034
市民中心站,2019-01-16,32949,7,1,多云,北风,微风,1,1204034
庆春广场站,2019-01-16,36819,7,1,多云,北风,微风,1,1204034
庆菱路站,2019-01-16,24067,7,1,多云,北风,微风,1,1204034
建国北路站,2019-01-16,31843,7,1,多云,北风,微风,1,1204034
建设一路站,2019-01-16,13799,7,1,多云,北风,微风,1,1204034
建设三路站,2019-01-16,21179,7,1,多云,北风,微风,1,1204034
彭埠站,2019-01-16,47404,7,1,多云,北风,微风,1,1204034
打铁关站,2019-01-16,45026,7,1,多云,北风,微风,1,1204034
振宁路站,2019-01-16,26742,7,1,多云,北风,微风,1,1204034
文新站,2019-01-16,28257,7,1,多云,北风,微风,1,1204034
文泽路站,2019-01-16,39397,7,1,多云,北风,微风,1,1204034
文海南路站,2019-01-16,32731,7,1,多云,北风,微风,1,1204034
新塘站,2019-01-16,15780,7,1,多云,北风,微风,1,1204034
新风站,2019-01-16,10165,7,1,多云,北风,微风,1,1204034
景芳站,2019-01-16,34898,7,1,多云,北风,微风,1,1204034
曹家桥站,2019-01-16,9229,7,1,多云,北风,微风,1,1204034
朝阳站,2019-01-16,15101,7,1,多云,北风,微风,1,1204034
杜甫村站,2019-01-16,16686,7,1,多云,北风,微风,1,1204034
杨家墩站,2019-01-16,13386,7,1,多云,北风,微风,1,1204034
杭发厂站,2019-01-16,20590,7,1,多云,北风,微风,1,1204034
武林广场站,2019-01-16,51821,7,1,多云,北风,微风,1,1204034
武林门站,2019-01-16,32647,7,1,多云,北风,微风,1,1204034
水澄桥站,2019-01-16,13101,7,1,多云,北风,微风,1,1204034
江锦路站,2019-01-16,31423,7,1,多云,北风,微风,1,1204034
江陵路站,2019-01-16,75352,7,1,多云,北风,微风,1,1204034
沈塘桥站,2019-01-16,40234,7,1,多云,北风,微风,1,1204034
浦沿站,2019-01-16,12958,7,1,多云,北风,微风,1,1204034
湘湖站,2019-01-16,21810,7,1,多云,北风,微风,1,1204034
滨和路站,2019-01-16,26740,7,1,多云,北风,微风,1,1204034
滨康路站,2019-01-16,13683,7,1,多云,北风,微风,1,1204034
潘水站,2019-01-16,12133,7,1,多云,北风,微风,1,1204034
火车东站,2019-01-16,173048,7,1,多云,北风,微风,1,1204034
甬江路站,2019-01-16,6652,7,1,多云,北风,微风,1,1204034
白洋站,2019-01-16,11158,7,1,多云,北风,微风,1,1204034
盈丰路站,2019-01-16,24120,7,1,多云,北风,微风,1,1204034
翁梅站,2019-01-16,16302,7,1,多云,北风,微风,1,1204034
联庄站,2019-01-16,20348,7,1,多云,北风,微风,1,1204034
良渚站,2019-01-16,12431,7,1,多云,北风,微风,1,1204034
虾龙圩站,2019-01-16,20905,7,1,多云,北风,微风,1,1204034
西兴站,2019-01-16,37241,7,1,多云,北风,微风,1,1204034
西湖文化广场站,2019-01-16,53239,7,1,多云,北风,微风,1,1204034
近江站,2019-01-16,45358,7,1,多云,北风,微风,1,1204034
金家渡站,2019-01-16,24361,7,1,多云,北风,微风,1,1204034
金沙湖站,2019-01-16,44850,7,1,多云,北风,微风,1,1204034
钱江世纪城站,2019-01-16,27337,7,1,多云,北风,微风,1,1204034
钱江路站,2019-01-16,41309,7,1,多云,北风,微风,1,1204034
闸弄口站,2019-01-16,42586,7,1,多云,北风,微风,1,1204034
飞虹路站,2019-01-16,21907,7,1,多云,北风,微风,1,1204034
高沙路站,2019-01-16,20952,7,1,多云,北风,微风,1,1204034
龙翔桥站,2019-01-16,91220,7,1,多云,北风,微风,1,1204034
七堡站,2019-01-17,16486,7,0,晴,北风,微风,1,1232626
三坝站,2019-01-17,29659,7,0,晴,北风,微风,1,1232626
三墩站,2019-01-17,24234,7,0,晴,北风,微风,1,1232626
下沙江滨站,2019-01-17,18412,7,0,晴,北风,微风,1,1232626
下沙西站,2019-01-17,14436,7,0,晴,北风,微风,1,1232626
中医药大学站,2019-01-17,21646,7,0,晴,北风,微风,1,1232626
中河北路站,2019-01-17,26583,7,0,晴,北风,微风,1,1232626
丰潭路站,2019-01-17,33623,7,0,晴,北风,微风,1,1232626
临平站,2019-01-17,46801,7,0,晴,北风,微风,1,1232626
乔司南站,2019-01-17,9228,7,0,晴,北风,微风,1,1232626
乔司站,2019-01-17,20639,7,0,晴,北风,微风,1,1232626
九和路站,2019-01-17,36432,7,0,晴,北风,微风,1,1232626
九堡站,2019-01-17,21282,7,0,晴,北风,微风,1,1232626
云水站,2019-01-17,20942,7,0,晴,北风,微风,1,1232626
人民广场站,2019-01-17,25267,7,0,晴,北风,微风,1,1232626
人民路站,2019-01-17,22157,7,0,晴,北风,微风,1,1232626
余杭高铁站,2019-01-17,8683,7,0,晴,北风,微风,1,1232626
凤起路A站,2019-01-17,57407,7,0,晴,北风,微风,1,1232626
凤起路B站,2019-01-17,26163,7,0,晴,北风,微风,1,1232626
南星桥站,2019-01-17,24315,7,0,晴,北风,微风,1,1232626
南苑站,2019-01-17,16708,7,0,晴,北风,微风,1,1232626
古翠路站,2019-01-17,41271,7,0,晴,北风,微风,1,1232626
城星路站,2019-01-17,30979,7,0,晴,北风,微风,1,1232626
城站,2019-01-17,70995,7,0,晴,北风,微风,1,1232626
墩祥街站,2019-01-17,23231,7,0,晴,北风,微风,1,1232626
复兴路站,2019-01-17,8412,7,0,晴,北风,微风,1,1232626
婺江路站,2019-01-17,20996,7,0,晴,北风,微风,1,1232626
学院路站,2019-01-17,34149,7,0,晴,北风,微风,1,1232626
定安路站,2019-01-17,49514,7,0,晴,北风,微风,1,1232626
客运中心站,2019-01-17,52084,7,0,晴,北风,微风,1,1232626
市民中心站,2019-01-17,32767,7,0,晴,北风,微风,1,1232626
庆春广场站,2019-01-17,36321,7,0,晴,北风,微风,1,1232626
庆菱路站,2019-01-17,24083,7,0,晴,北风,微风,1,1232626
建国北路站,2019-01-17,31903,7,0,晴,北风,微风,1,1232626
建设一路站,2019-01-17,13968,7,0,晴,北风,微风,1,1232626
建设三路站,2019-01-17,21445,7,0,晴,北风,微风,1,1232626
彭埠站,2019-01-17,48159,7,0,晴,北风,微风,1,1232626
打铁关站,2019-01-17,45670,7,0,晴,北风,微风,1,1232626
振宁路站,2019-01-17,27043,7,0,晴,北风,微风,1,1232626
文新站,2019-01-17,28689,7,0,晴,北风,微风,1,1232626
文泽路站,2019-01-17,41769,7,0,晴,北风,微风,1,1232626
文海南路站,2019-01-17,34758,7,0,晴,北风,微风,1,1232626
新塘站,2019-01-17,12688,7,0,晴,北风,微风,1,1232626
新风站,2019-01-17,10178,7,0,晴,北风,微风,1,1232626
景芳站,2019-01-17,34449,7,0,晴,北风,微风,1,1232626
曹家桥站,2019-01-17,9363,7,0,晴,北风,微风,1,1232626
朝阳站,2019-01-17,15661,7,0,晴,北风,微风,1,1232626
杜甫村站,2019-01-17,16825,7,0,晴,北风,微风,1,1232626
杨家墩站,2019-01-17,14335,7,0,晴,北风,微风,1,1232626
杭发厂站,2019-01-17,21627,7,0,晴,北风,微风,1,1232626
武林广场站,2019-01-17,54849,7,0,晴,北风,微风,1,1232626
武林门站,2019-01-17,33074,7,0,晴,北风,微风,1,1232626
水澄桥站,2019-01-17,13537,7,0,晴,北风,微风,1,1232626
江锦路站,2019-01-17,31503,7,0,晴,北风,微风,1,1232626
江陵路站,2019-01-17,76604,7,0,晴,北风,微风,1,1232626
沈塘桥站,2019-01-17,39577,7,0,晴,北风,微风,1,1232626
浦沿站,2019-01-17,13035,7,0,晴,北风,微风,1,1232626
湘湖站,2019-01-17,21846,7,0,晴,北风,微风,1,1232626
滨和路站,2019-01-17,26933,7,0,晴,北风,微风,1,1232626
滨康路站,2019-01-17,13733,7,0,晴,北风,微风,1,1232626
潘水站,2019-01-17,12661,7,0,晴,北风,微风,1,1232626
火车东站,2019-01-17,183432,7,0,晴,北风,微风,1,1232626
甬江路站,2019-01-17,6632,7,0,晴,北风,微风,1,1232626
白洋站,2019-01-17,11261,7,0,晴,北风,微风,1,1232626
盈丰路站,2019-01-17,24557,7,0,晴,北风,微风,1,1232626
翁梅站,2019-01-17,16804,7,0,晴,北风,微风,1,1232626
联庄站,2019-01-17,20531,7,0,晴,北风,微风,1,1232626
良渚站,2019-01-17,13011,7,0,晴,北风,微风,1,1232626
虾龙圩站,2019-01-17,21058,7,0,晴,北风,微风,1,1232626
西兴站,2019-01-17,37451,7,0,晴,北风,微风,1,1232626
西湖文化广场站,2019-01-17,54299,7,0,晴,北风,微风,1,1232626
近江站,2019-01-17,45769,7,0,晴,北风,微风,1,1232626
金家渡站,2019-01-17,25073,7,0,晴,北风,微风,1,1232626
金沙湖站,2019-01-17,45632,7,0,晴,北风,微风,1,1232626
钱江世纪城站,2019-01-17,27650,7,0,晴,北风,微风,1,1232626
钱江路站,2019-01-17,41833,7,0,晴,北风,微风,1,1232626
闸弄口站,2019-01-17,43285,7,0,晴,北风,微风,1,1232626
飞虹路站,2019-01-17,22209,7,0,晴,北风,微风,1,1232626
高沙路站,2019-01-17,21213,7,0,晴,北风,微风,1,1232626
龙翔桥站,2019-01-17,101286,7,0,晴,北风,微风,1,1232626
七堡站,2019-01-18,16922,11,2,晴,北风,微风,1,1326806
三坝站,2019-01-18,31933,11,2,晴,北风,微风,1,1326806
三墩站,2019-01-18,25698,11,2,晴,北风,微风,1,1326806
下沙江滨站,2019-01-18,19622,11,2,晴,北风,微风,1,1326806
下沙西站,2019-01-18,14696,11,2,晴,北风,微风,1,1326806
中医药大学站,2019-01-18,23738,11,2,晴,北风,微风,1,1326806
中河北路站,2019-01-18,27882,11,2,晴,北风,微风,1,1326806
丰潭路站,2019-01-18,36075,11,2,晴,北风,微风,1,1326806
临平站,2019-01-18,50318,11,2,晴,北风,微风,1,1326806
乔司南站,2019-01-18,9666,11,2,晴,北风,微风,1,1326806
乔司站,2019-01-18,21546,11,2,晴,北风,微风,1,1326806
九和路站,2019-01-18,37312,11,2,晴,北风,微风,1,1326806
九堡站,2019-01-18,22126,11,2,晴,北风,微风,1,1326806
云水站,2019-01-18,23436,11,2,晴,北风,微风,1,1326806
人民广场站,2019-01-18,27833,11,2,晴,北风,微风,1,1326806
人民路站,2019-01-18,23564,11,2,晴,北风,微风,1,1326806
余杭高铁站,2019-01-18,9281,11,2,晴,北风,微风,1,1326806
凤起路A站,2019-01-18,63952,11,2,晴,北风,微风,1,1326806
凤起路B站,2019-01-18,28813,11,2,晴,北风,微风,1,1326806
南星桥站,2019-01-18,25158,11,2,晴,北风,微风,1,1326806
南苑站,2019-01-18,17327,11,2,晴,北风,微风,1,1326806
古翠路站,2019-01-18,43579,11,2,晴,北风,微风,1,1326806
城星路站,2019-01-18,31212,11,2,晴,北风,微风,1,1326806
城站,2019-01-18,76310,11,2,晴,北风,微风,1,1326806
墩祥街站,2019-01-18,23980,11,2,晴,北风,微风,1,1326806
复兴路站,2019-01-18,8864,11,2,晴,北风,微风,1,1326806
婺江路站,2019-01-18,22713,11,2,晴,北风,微风,1,1326806
学院路站,2019-01-18,36014,11,2,晴,北风,微风,1,1326806
定安路站,2019-01-18,53912,11,2,晴,北风,微风,1,1326806
客运中心站,2019-01-18,55590,11,2,晴,北风,微风,1,1326806
市民中心站,2019-01-18,35448,11,2,晴,北风,微风,1,1326806
庆春广场站,2019-01-18,37606,11,2,晴,北风,微风,1,1326806
庆菱路站,2019-01-18,25951,11,2,晴,北风,微风,1,1326806
建国北路站,2019-01-18,33593,11,2,晴,北风,微风,1,1326806
建设一路站,2019-01-18,15024,11,2,晴,北风,微风,1,1326806
建设三路站,2019-01-18,22349,11,2,晴,北风,微风,1,1326806
彭埠站,2019-01-18,50155,11,2,晴,北风,微风,1,1326806
打铁关站,2019-01-18,50253,11,2,晴,北风,微风,1,1326806
振宁路站,2019-01-18,28068,11,2,晴,北风,微风,1,1326806
文新站,2019-01-18,31465,11,2,晴,北风,微风,1,1326806
文泽路站,2019-01-18,45443,11,2,晴,北风,微风,1,1326806
文海南路站,2019-01-18,34514,11,2,晴,北风,微风,1,1326806
新塘站,2019-01-18,14157,11,2,晴,北风,微风,1,1326806
新风站,2019-01-18,10560,11,2,晴,北风,微风,1,1326806
景芳站,2019-01-18,37220,11,2,晴,北风,微风,1,1326806
曹家桥站,2019-01-18,9913,11,2,晴,北风,微风,1,1326806
朝阳站,2019-01-18,16619,11,2,晴,北风,微风,1,1326806
杜甫村站,2019-01-18,18007,11,2,晴,北风,微风,1,1326806
杨家墩站,2019-01-18,14074,11,2,晴,北风,微风,1,1326806
杭发厂站,2019-01-18,23743,11,2,晴,北风,微风,1,1326806
武林广场站,2019-01-18,62007,11,2,晴,北风,微风,1,1326806
武林门站,2019-01-18,34578,11,2,晴,北风,微风,1,1326806
水澄桥站,2019-01-18,15459,11,2,晴,北风,微风,1,1326806
江锦路站,2019-01-18,33652,11,2,晴,北风,微风,1,1326806
江陵路站,2019-01-18,81727,11,2,晴,北风,微风,1,1326806
沈塘桥站,2019-01-18,40386,11,2,晴,北风,微风,1,1326806
浦沿站,2019-01-18,13895,11,2,晴,北风,微风,1,1326806
湘湖站,2019-01-18,23662,11,2,晴,北风,微风,1,1326806
滨和路站,2019-01-18,29674,11,2,晴,北风,微风,1,1326806
滨康路站,2019-01-18,14515,11,2,晴,北风,微风,1,1326806
潘水站,2019-01-18,14024,11,2,晴,北风,微风,1,1326806
火车东站,2019-01-18,220132,11,2,晴,北风,微风,1,1326806
甬江路站,2019-01-18,7327,11,2,晴,北风,微风,1,1326806
白洋站,2019-01-18,11540,11,2,晴,北风,微风,1,1326806
盈丰路站,2019-01-18,24732,11,2,晴,北风,微风,1,1326806
翁梅站,2019-01-18,17245,11,2,晴,北风,微风,1,1326806
联庄站,2019-01-18,22221,11,2,晴,北风,微风,1,1326806
良渚站,2019-01-18,13837,11,2,晴,北风,微风,1,1326806
虾龙圩站,2019-01-18,22782,11,2,晴,北风,微风,1,1326806
西兴站,2019-01-18,40346,11,2,晴,北风,微风,1,1326806
西湖文化广场站,2019-01-18,58144,11,2,晴,北风,微风,1,1326806
近江站,2019-01-18,48597,11,2,晴,北风,微风,1,1326806
金家渡站,2019-01-18,25278,11,2,晴,北风,微风,1,1326806
金沙湖站,2019-01-18,48916,11,2,晴,北风,微风,1,1326806
钱江世纪城站,2019-01-18,28789,11,2,晴,北风,微风,1,1326806
钱江路站,2019-01-18,44207,11,2,晴,北风,微风,1,1326806
闸弄口站,2019-01-18,46011,11,2,晴,北风,微风,1,1326806
飞虹路站,2019-01-18,22688,11,2,晴,北风,微风,1,1326806
高沙路站,2019-01-18,22602,11,2,晴,北风,微风,1,1326806
龙翔桥站,2019-01-18,112196,11,2,晴,北风,微风,1,1326806
七堡站,2019-01-19,10961,8,5,阴,北风,微风,0,1100012
三坝站,2019-01-19,25935,8,5,阴,北风,微风,0,1100012
三墩站,2019-01-19,19654,8,5,阴,北风,微风,0,1100012
下沙江滨站,2019-01-19,17236,8,5,阴,北风,微风,0,1100012
下沙西站,2019-01-19,11345,8,5,阴,北风,微风,0,1100012
中医药大学站,2019-01-19,18273,8,5,阴,北风,微风,0,1100012
中河北路站,2019-01-19,19944,8,5,阴,北风,微风,0,1100012
丰潭路站,2019-01-19,29945,8,5,阴,北风,微风,0,1100012
临平站,2019-01-19,42236,8,5,阴,北风,微风,0,1100012
乔司南站,2019-01-19,7735,8,5,阴,北风,微风,0,1100012
乔司站,2019-01-19,22552,8,5,阴,北风,微风,0,1100012
九和路站,2019-01-19,26921,8,5,阴,北风,微风,0,1100012
九堡站,2019-01-19,19243,8,5,阴,北风,微风,0,1100012
云水站,2019-01-19,18460,8,5,阴,北风,微风,0,1100012
人民广场站,2019-01-19,25450,8,5,阴,北风,微风,0,1100012
人民路站,2019-01-19,21563,8,5,阴,北风,微风,0,1100012
余杭高铁站,2019-01-19,7421,8,5,阴,北风,微风,0,1100012
凤起路A站,2019-01-19,64636,8,5,阴,北风,微风,0,1100012
凤起路B站,2019-01-19,26468,8,5,阴,北风,微风,0,1100012
南星桥站,2019-01-19,15893,8,5,阴,北风,微风,0,1100012
南苑站,2019-01-19,14758,8,5,阴,北风,微风,0,1100012
古翠路站,2019-01-19,28796,8,5,阴,北风,微风,0,1100012
城星路站,2019-01-19,12826,8,5,阴,北风,微风,0,1100012
城站,2019-01-19,68148,8,5,阴,北风,微风,0,1100012
墩祥街站,2019-01-19,19762,8,5,阴,北风,微风,0,1100012
复兴路站,2019-01-19,7388,8,5,阴,北风,微风,0,1100012
婺江路站,2019-01-19,20317,8,5,阴,北风,微风,0,1100012
学院路站,2019-01-19,25195,8,5,阴,北风,微风,0,1100012
定安路站,2019-01-19,54068,8,5,阴,北风,微风,0,1100012
客运中心站,2019-01-19,49893,8,5,阴,北风,微风,0,1100012
市民中心站,2019-01-19,28758,8,5,阴,北风,微风,0,1100012
庆春广场站,2019-01-19,27357,8,5,阴,北风,微风,0,1100012
庆菱路站,2019-01-19,20804,8,5,阴,北风,微风,0,1100012
建国北路站,2019-01-19,25019,8,5,阴,北风,微风,0,1100012
建设一路站,2019-01-19,10218,8,5,阴,北风,微风,0,1100012
建设三路站,2019-01-19,17634,8,5,阴,北风,微风,0,1100012
彭埠站,2019-01-19,39301,8,5,阴,北风,微风,0,1100012
打铁关站,2019-01-19,38212,8,5,阴,北风,微风,0,1100012
振宁路站,2019-01-19,22339,8,5,阴,北风,微风,0,1100012
文新站,2019-01-19,25775,8,5,阴,北风,微风,0,1100012
文泽路站,2019-01-19,40268,8,5,阴,北风,微风,0,1100012
文海南路站,2019-01-19,24906,8,5,阴,北风,微风,0,1100012
新塘站,2019-01-19,10978,8,5,阴,北风,微风,0,1100012
新风站,2019-01-19,7837,8,5,阴,北风,微风,0,1100012
景芳站,2019-01-19,31144,8,5,阴,北风,微风,0,1100012
曹家桥站,2019-01-19,8004,8,5,阴,北风,微风,0,1100012
朝阳站,2019-01-19,13350,8,5,阴,北风,微风,0,1100012
杜甫村站,2019-01-19,17326,8,5,阴,北风,微风,0,1100012
杨家墩站,2019-01-19,13904,8,5,阴,北风,微风,0,1100012
杭发厂站,2019-01-19,25852,8,5,阴,北风,微风,0,1100012
武林广场站,2019-01-19,59437,8,5,阴,北风,微风,0,1100012
武林门站,2019-01-19,23470,8,5,阴,北风,微风,0,1100012
水澄桥站,2019-01-19,12878,8,5,阴,北风,微风,0,1100012
江锦路站,2019-01-19,22970,8,5,阴,北风,微风,0,1100012
江陵路站,2019-01-19,53228,8,5,阴,北风,微风,0,1100012
沈塘桥站,2019-01-19,27136,8,5,阴,北风,微风,0,1100012
浦沿站,2019-01-19,12529,8,5,阴,北风,微风,0,1100012
湘湖站,2019-01-19,20077,8,5,阴,北风,微风,0,1100012
滨和路站,2019-01-19,23937,8,5,阴,北风,微风,0,1100012
滨康路站,2019-01-19,11859,8,5,阴,北风,微风,0,1100012
潘水站,2019-01-19,12508,8,5,阴,北风,微风,0,1100012
火车东站,2019-01-19,199652,8,5,阴,北风,微风,0,1100012
甬江路站,2019-01-19,5424,8,5,阴,北风,微风,0,1100012
白洋站,2019-01-19,9462,8,5,阴,北风,微风,0,1100012
盈丰路站,2019-01-19,14714,8,5,阴,北风,微风,0,1100012
翁梅站,2019-01-19,15407,8,5,阴,北风,微风,0,1100012
联庄站,2019-01-19,17580,8,5,阴,北风,微风,0,1100012
良渚站,2019-01-19,11949,8,5,阴,北风,微风,0,1100012
虾龙圩站,2019-01-19,19398,8,5,阴,北风,微风,0,1100012
西兴站,2019-01-19,29706,8,5,阴,北风,微风,0,1100012
西湖文化广场站,2019-01-19,47327,8,5,阴,北风,微风,0,1100012
近江站,2019-01-19,30553,8,5,阴,北风,微风,0,1100012
金家渡站,2019-01-19,21292,8,5,阴,北风,微风,0,1100012
金沙湖站,2019-01-19,43912,8,5,阴,北风,微风,0,1100012
钱江世纪城站,2019-01-19,20572,8,5,阴,北风,微风,0,1100012
钱江路站,2019-01-19,31590,8,5,阴,北风,微风,0,1100012
闸弄口站,2019-01-19,37833,8,5,阴,北风,微风,0,1100012
飞虹路站,2019-01-19,18096,8,5,阴,北风,微风,0,1100012
高沙路站,2019-01-19,20188,8,5,阴,北风,微风,0,1100012
龙翔桥站,2019-01-19,132565,8,5,阴,北风,微风,0,1100012
七堡站,2019-01-20,10231,9,2,多云,北风,微风,0,1053040
三坝站,2019-01-20,24449,9,2,多云,北风,微风,0,1053040
三墩站,2019-01-20,18762,9,2,多云,北风,微风,0,1053040
下沙江滨站,2019-01-20,17162,9,2,多云,北风,微风,0,1053040
下沙西站,2019-01-20,10074,9,2,多云,北风,微风,0,1053040
中医药大学站,2019-01-20,16858,9,2,多云,北风,微风,0,1053040
中河北路站,2019-01-20,18878,9,2,多云,北风,微风,0,1053040
丰潭路站,2019-01-20,27982,9,2,多云,北风,微风,0,1053040
临平站,2019-01-20,40776,9,2,多云,北风,微风,0,1053040
乔司南站,2019-01-20,7482,9,2,多云,北风,微风,0,1053040
乔司站,2019-01-20,23119,9,2,多云,北风,微风,0,1053040
九和路站,2019-01-20,22952,9,2,多云,北风,微风,0,1053040
九堡站,2019-01-20,18373,9,2,多云,北风,微风,0,1053040
云水站,2019-01-20,19468,9,2,多云,北风,微风,0,1053040
人民广场站,2019-01-20,24086,9,2,多云,北风,微风,0,1053040
人民路站,2019-01-20,20174,9,2,多云,北风,微风,0,1053040
余杭高铁站,2019-01-20,7501,9,2,多云,北风,微风,0,1053040
凤起路A站,2019-01-20,61823,9,2,多云,北风,微风,0,1053040
凤起路B站,2019-01-20,25168,9,2,多云,北风,微风,0,1053040
南星桥站,2019-01-20,13641,9,2,多云,北风,微风,0,1053040
南苑站,2019-01-20,14486,9,2,多云,北风,微风,0,1053040
古翠路站,2019-01-20,25978,9,2,多云,北风,微风,0,1053040
城星路站,2019-01-20,9585,9,2,多云,北风,微风,0,1053040
城站,2019-01-20,72169,9,2,多云,北风,微风,0,1053040
墩祥街站,2019-01-20,18509,9,2,多云,北风,微风,0,1053040
复兴路站,2019-01-20,6671,9,2,多云,北风,微风,0,1053040
婺江路站,2019-01-20,21157,9,2,多云,北风,微风,0,1053040
学院路站,2019-01-20,23235,9,2,多云,北风,微风,0,1053040
定安路站,2019-01-20,54066,9,2,多云,北风,微风,0,1053040
客运中心站,2019-01-20,51221,9,2,多云,北风,微风,0,1053040
市民中心站,2019-01-20,26584,9,2,多云,北风,微风,0,1053040
庆春广场站,2019-01-20,25801,9,2,多云,北风,微风,0,1053040
庆菱路站,2019-01-20,20478,9,2,多云,北风,微风,0,1053040
建国北路站,2019-01-20,21806,9,2,多云,北风,微风,0,1053040
建设一路站,2019-01-20,9963,9,2,多云,北风,微风,0,1053040
建设三路站,2019-01-20,16102,9,2,多云,北风,微风,0,1053040
彭埠站,2019-01-20,35102,9,2,多云,北风,微风,0,1053040
打铁关站,2019-01-20,35584,9,2,多云,北风,微风,0,1053040
振宁路站,2019-01-20,20880,9,2,多云,北风,微风,0,1053040
文新站,2019-01-20,24236,9,2,多云,北风,微风,0,1053040
文泽路站,2019-01-20,36987,9,2,多云,北风,微风,0,1053040
文海南路站,2019-01-20,22193,9,2,多云,北风,微风,0,1053040
新塘站,2019-01-20,10780,9,2,多云,北风,微风,0,1053040
新风站,2019-01-20,6499,9,2,多云,北风,微风,0,1053040
景芳站,2019-01-20,28404,9,2,多云,北风,微风,0,1053040
曹家桥站,2019-01-20,7503,9,2,多云,北风,微风,0,1053040
朝阳站,2019-01-20,13680,9,2,多云,北风,微风,0,1053040
杜甫村站,2019-01-20,17184,9,2,多云,北风,微风,0,1053040
杨家墩站,2019-01-20,12592,9,2,多云,北风,微风,0,1053040
杭发厂站,2019-01-20,24770,9,2,多云,北风,微风,0,1053040
武林广场站,2019-01-20,56178,9,2,多云,北风,微风,0,1053040
武林门站,2019-01-20,20925,9,2,多云,北风,微风,0,1053040
水澄桥站,2019-01-20,12142,9,2,多云,北风,微风,0,1053040
江锦路站,2019-01-20,20685,9,2,多云,北风,微风,0,1053040
江陵路站,2019-01-20,46044,9,2,多云,北风,微风,0,1053040
沈塘桥站,2019-01-20,23536,9,2,多云,北风,微风,0,1053040
浦沿站,2019-01-20,12862,9,2,多云,北风,微风,0,1053040
湘湖站,2019-01-20,19683,9,2,多云,北风,微风,0,1053040
滨和路站,2019-01-20,23454,9,2,多云,北风,微风,0,1053040
滨康路站,2019-01-20,11331,9,2,多云,北风,微风,0,1053040
潘水站,2019-01-20,11465,9,2,多云,北风,微风,0,1053040
火车东站,2019-01-20,209749,9,2,多云,北风,微风,0,1053040
甬江路站,2019-01-20,4945,9,2,多云,北风,微风,0,1053040
白洋站,2019-01-20,9428,9,2,多云,北风,微风,0,1053040
盈丰路站,2019-01-20,11685,9,2,多云,北风,微风,0,1053040
翁梅站,2019-01-20,15863,9,2,多云,北风,微风,0,1053040
联庄站,2019-01-20,16779,9,2,多云,北风,微风,0,1053040
良渚站,2019-01-20,12064,9,2,多云,北风,微风,0,1053040
虾龙圩站,2019-01-20,17829,9,2,多云,北风,微风,0,1053040
西兴站,2019-01-20,27644,9,2,多云,北风,微风,0,1053040
西湖文化广场站,2019-01-20,44601,9,2,多云,北风,微风,0,1053040
近江站,2019-01-20,26270,9,2,多云,北风,微风,0,1053040
金家渡站,2019-01-20,19717,9,2,多云,北风,微风,0,1053040
金沙湖站,2019-01-20,43791,9,2,多云,北风,微风,0,1053040
钱江世纪城站,2019-01-20,18081,9,2,多云,北风,微风,0,1053040
钱江路站,2019-01-20,28432,9,2,多云,北风,微风,0,1053040
闸弄口站,2019-01-20,35669,9,2,多云,北风,微风,0,1053040
飞虹路站,2019-01-20,17419,9,2,多云,北风,微风,0,1053040
高沙路站,2019-01-20,18855,9,2,多云,北风,微风,0,1053040
龙翔桥站,2019-01-20,133066,9,2,多云,北风,微风,0,1053040
七堡站,2019-01-21,16179,7,0,多云,北风,微风,1,1228000
三坝站,2019-01-21,30461,7,0,多云,北风,微风,1,1228000
三墩站,2019-01-21,24651,7,0,多云,北风,微风,1,1228000
下沙江滨站,2019-01-21,19025,7,0,多云,北风,微风,1,1228000
下沙西站,2019-01-21,14307,7,0,多云,北风,微风,1,1228000
中医药大学站,2019-01-21,20080,7,0,多云,北风,微风,1,1228000
中河北路站,2019-01-21,26631,7,0,多云,北风,微风,1,1228000
丰潭路站,2019-01-21,33721,7,0,多云,北风,微风,1,1228000
临平站,2019-01-21,48642,7,0,多云,北风,微风,1,1228000
乔司南站,2019-01-21,9391,7,0,多云,北风,微风,1,1228000
乔司站,2019-01-21,22424,7,0,多云,北风,微风,1,1228000
九和路站,2019-01-21,36394,7,0,多云,北风,微风,1,1228000
九堡站,2019-01-21,21796,7,0,多云,北风,微风,1,1228000
云水站,2019-01-21,19544,7,0,多云,北风,微风,1,1228000
人民广场站,2019-01-21,25496,7,0,多云,北风,微风,1,1228000
人民路站,2019-01-21,22964,7,0,多云,北风,微风,1,1228000
余杭高铁站,2019-01-21,8823,7,0,多云,北风,微风,1,1228000
凤起路A站,2019-01-21,57053,7,0,多云,北风,微风,1,1228000
凤起路B站,2019-01-21,25058,7,0,多云,北风,微风,1,1228000
南星桥站,2019-01-21,24352,7,0,多云,北风,微风,1,1228000
南苑站,2019-01-21,17511,7,0,多云,北风,微风,1,1228000
古翠路站,2019-01-21,41668,7,0,多云,北风,微风,1,1228000
城星路站,2019-01-21,30897,7,0,多云,北风,微风,1,1228000
城站,2019-01-21,76840,7,0,多云,北风,微风,1,1228000
墩祥街站,2019-01-21,23433,7,0,多云,北风,微风,1,1228000
复兴路站,2019-01-21,8423,7,0,多云,北风,微风,1,1228000
婺江路站,2019-01-21,21561,7,0,多云,北风,微风,1,1228000
学院路站,2019-01-21,33694,7,0,多云,北风,微风,1,1228000
定安路站,2019-01-21,48611,7,0,多云,北风,微风,1,1228000
客运中心站,2019-01-21,53881,7,0,多云,北风,微风,1,1228000
市民中心站,2019-01-21,32570,7,0,多云,北风,微风,1,1228000
庆春广场站,2019-01-21,36580,7,0,多云,北风,微风,1,1228000
庆菱路站,2019-01-21,24590,7,0,多云,北风,微风,1,1228000
建国北路站,2019-01-21,31836,7,0,多云,北风,微风,1,1228000
建设一路站,2019-01-21,13991,7,0,多云,北风,微风,1,1228000
建设三路站,2019-01-21,21050,7,0,多云,北风,微风,1,1228000
彭埠站,2019-01-21,48317,7,0,多云,北风,微风,1,1228000
打铁关站,2019-01-21,46691,7,0,多云,北风,微风,1,1228000
振宁路站,2019-01-21,26793,7,0,多云,北风,微风,1,1228000
文新站,2019-01-21,28873,7,0,多云,北风,微风,1,1228000
文泽路站,2019-01-21,34470,7,0,多云,北风,微风,1,1228000
文海南路站,2019-01-21,24578,7,0,多云,北风,微风,1,1228000
新塘站,2019-01-21,12415,7,0,多云,北风,微风,1,1228000
新风站,2019-01-21,10119,7,0,多云,北风,微风,1,1228000
景芳站,2019-01-21,33434,7,0,多云,北风,微风,1,1228000
曹家桥站,2019-01-21,9704,7,0,多云,北风,微风,1,1228000
朝阳站,2019-01-21,16338,7,0,多云,北风,微风,1,1228000
杜甫村站,2019-01-21,17814,7,0,多云,北风,微风,1,1228000
杨家墩站,2019-01-21,11614,7,0,多云,北风,微风,1,1228000
杭发厂站,2019-01-21,22670,7,0,多云,北风,微风,1,1228000
武林广场站,2019-01-21,52894,7,0,多云,北风,微风,1,1228000
武林门站,2019-01-21,33299,7,0,多云,北风,微风,1,1228000
水澄桥站,2019-01-21,13688,7,0,多云,北风,微风,1,1228000
江锦路站,2019-01-21,31088,7,0,多云,北风,微风,1,1228000
江陵路站,2019-01-21,78230,7,0,多云,北风,微风,1,1228000
沈塘桥站,2019-01-21,38508,7,0,多云,北风,微风,1,1228000
浦沿站,2019-01-21,13408,7,0,多云,北风,微风,1,1228000
湘湖站,2019-01-21,23833,7,0,多云,北风,微风,1,1228000
滨和路站,2019-01-21,26982,7,0,多云,北风,微风,1,1228000
滨康路站,2019-01-21,13967,7,0,多云,北风,微风,1,1228000
潘水站,2019-01-21,13267,7,0,多云,北风,微风,1,1228000
火车东站,2019-01-21,181418,7,0,多云,北风,微风,1,1228000
甬江路站,2019-01-21,7013,7,0,多云,北风,微风,1,1228000
白洋站,2019-01-21,11593,7,0,多云,北风,微风,1,1228000
盈丰路站,2019-01-21,22429,7,0,多云,北风,微风,1,1228000
翁梅站,2019-01-21,18284,7,0,多云,北风,微风,1,1228000
联庄站,2019-01-21,20712,7,0,多云,北风,微风,1,1228000
良渚站,2019-01-21,13511,7,0,多云,北风,微风,1,1228000
虾龙圩站,2019-01-21,21535,7,0,多云,北风,微风,1,1228000
西兴站,2019-01-21,39550,7,0,多云,北风,微风,1,1228000
西湖文化广场站,2019-01-21,53186,7,0,多云,北风,微风,1,1228000
近江站,2019-01-21,44965,7,0,多云,北风,微风,1,1228000
金家渡站,2019-01-21,23393,7,0,多云,北风,微风,1,1228000
金沙湖站,2019-01-21,43611,7,0,多云,北风,微风,1,1228000
钱江世纪城站,2019-01-21,26421,7,0,多云,北风,微风,1,1228000
钱江路站,2019-01-21,40309,7,0,多云,北风,微风,1,1228000
闸弄口站,2019-01-21,43468,7,0,多云,北风,微风,1,1228000
飞虹路站,2019-01-21,21813,7,0,多云,北风,微风,1,1228000
高沙路站,2019-01-21,21078,7,0,多云,北风,微风,1,1228000
龙翔桥站,2019-01-21,104548,7,0,多云,北风,微风,1,1228000
七堡站,2019-01-22,16216,11,1,晴,北风,微风,1,1232904
三坝站,2019-01-22,30407,11,1,晴,北风,微风,1,1232904
三墩站,2019-01-22,24498,11,1,晴,北风,微风,1,1232904
下沙江滨站,2019-01-22,18938,11,1,晴,北风,微风,1,1232904
下沙西站,2019-01-22,14356,11,1,晴,北风,微风,1,1232904
中医药大学站,2019-01-22,19160,11,1,晴,北风,微风,1,1232904
中河北路站,2019-01-22,26752,11,1,晴,北风,微风,1,1232904
丰潭路站,2019-01-22,33213,11,1,晴,北风,微风,1,1232904
临平站,2019-01-22,48443,11,1,晴,北风,微风,1,1232904
乔司南站,2019-01-22,9537,11,1,晴,北风,微风,1,1232904
乔司站,2019-01-22,21552,11,1,晴,北风,微风,1,1232904
九和路站,2019-01-22,35901,11,1,晴,北风,微风,1,1232904
九堡站,2019-01-22,21941,11,1,晴,北风,微风,1,1232904
云水站,2019-01-22,20205,11,1,晴,北风,微风,1,1232904
人民广场站,2019-01-22,25480,11,1,晴,北风,微风,1,1232904
人民路站,2019-01-22,22424,11,1,晴,北风,微风,1,1232904
余杭高铁站,2019-01-22,8844,11,1,晴,北风,微风,1,1232904
凤起路A站,2019-01-22,59528,11,1,晴,北风,微风,1,1232904
凤起路B站,2019-01-22,25657,11,1,晴,北风,微风,1,1232904
南星桥站,2019-01-22,23865,11,1,晴,北风,微风,1,1232904
南苑站,2019-01-22,16684,11,1,晴,北风,微风,1,1232904
古翠路站,2019-01-22,41673,11,1,晴,北风,微风,1,1232904
城星路站,2019-01-22,30378,11,1,晴,北风,微风,1,1232904
城站,2019-01-22,78110,11,1,晴,北风,微风,1,1232904
墩祥街站,2019-01-22,23635,11,1,晴,北风,微风,1,1232904
复兴路站,2019-01-22,8473,11,1,晴,北风,微风,1,1232904
婺江路站,2019-01-22,22035,11,1,晴,北风,微风,1,1232904
学院路站,2019-01-22,34211,11,1,晴,北风,微风,1,1232904
定安路站,2019-01-22,50170,11,1,晴,北风,微风,1,1232904
客运中心站,2019-01-22,53666,11,1,晴,北风,微风,1,1232904
市民中心站,2019-01-22,34294,11,1,晴,北风,微风,1,1232904
庆春广场站,2019-01-22,37274,11,1,晴,北风,微风,1,1232904
庆菱路站,2019-01-22,25042,11,1,晴,北风,微风,1,1232904
建国北路站,2019-01-22,31714,11,1,晴,北风,微风,1,1232904
建设一路站,2019-01-22,13805,11,1,晴,北风,微风,1,1232904
建设三路站,2019-01-22,20340,11,1,晴,北风,微风,1,1232904
彭埠站,2019-01-22,48630,11,1,晴,北风,微风,1,1232904
打铁关站,2019-01-22,46327,11,1,晴,北风,微风,1,1232904
振宁路站,2019-01-22,26394,11,1,晴,北风,微风,1,1232904
文新站,2019-01-22,29253,11,1,晴,北风,微风,1,1232904
文泽路站,2019-01-22,35876,11,1,晴,北风,微风,1,1232904
文海南路站,2019-01-22,24386,11,1,晴,北风,微风,1,1232904
新塘站,2019-01-22,12787,11,1,晴,北风,微风,1,1232904
新风站,2019-01-22,10035,11,1,晴,北风,微风,1,1232904
景芳站,2019-01-22,34652,11,1,晴,北风,微风,1,1232904
曹家桥站,2019-01-22,9524,11,1,晴,北风,微风,1,1232904
朝阳站,2019-01-22,15865,11,1,晴,北风,微风,1,1232904
杜甫村站,2019-01-22,19201,11,1,晴,北风,微风,1,1232904
杨家墩站,2019-01-22,10662,11,1,晴,北风,微风,1,1232904
杭发厂站,2019-01-22,21721,11,1,晴,北风,微风,1,1232904
武林广场站,2019-01-22,53399,11,1,晴,北风,微风,1,1232904
武林门站,2019-01-22,33134,11,1,晴,北风,微风,1,1232904
水澄桥站,2019-01-22,13547,11,1,晴,北风,微风,1,1232904
江锦路站,2019-01-22,31665,11,1,晴,北风,微风,1,1232904
江陵路站,2019-01-22,76683,11,1,晴,北风,微风,1,1232904
沈塘桥站,2019-01-22,38672,11,1,晴,北风,微风,1,1232904
浦沿站,2019-01-22,13420,11,1,晴,北风,微风,1,1232904
湘湖站,2019-01-22,22969,11,1,晴,北风,微风,1,1232904
滨和路站,2019-01-22,26490,11,1,晴,北风,微风,1,1232904
滨康路站,2019-01-22,13819,11,1,晴,北风,微风,1,1232904
潘水站,2019-01-22,12614,11,1,晴,北风,微风,1,1232904
火车东站,2019-01-22,183911,11,1,晴,北风,微风,1,1232904
甬江路站,2019-01-22,7119,11,1,晴,北风,微风,1,1232904
白洋站,2019-01-22,11261,11,1,晴,北风,微风,1,1232904
盈丰路站,2019-01-22,22281,11,1,晴,北风,微风,1,1232904
翁梅站,2019-01-22,17448,11,1,晴,北风,微风,1,1232904
联庄站,2019-01-22,20187,11,1,晴,北风,微风,1,1232904
良渚站,2019-01-22,13763,11,1,晴,北风,微风,1,1232904
虾龙圩站,2019-01-22,22086,11,1,晴,北风,微风,1,1232904
西兴站,2019-01-22,37943,11,1,晴,北风,微风,1,1232904
西湖文化广场站,2019-01-22,55258,11,1,晴,北风,微风,1,1232904
近江站,2019-01-22,44660,11,1,晴,北风,微风,1,1232904
金家渡站,2019-01-22,23025,11,1,晴,北风,微风,1,1232904
金沙湖站,2019-01-22,45317,11,1,晴,北风,微风,1,1232904
钱江世纪城站,2019-01-22,26380,11,1,晴,北风,微风,1,1232904
钱江路站,2019-01-22,40108,11,1,晴,北风,微风,1,1232904
闸弄口站,2019-01-22,43473,11,1,晴,北风,微风,1,1232904
飞虹路站,2019-01-22,21682,11,1,晴,北风,微风,1,1232904
高沙路站,2019-01-22,24945,11,1,晴,北风,微风,1,1232904
龙翔桥站,2019-01-22,105315,11,1,晴,北风,微风,1,1232904
七堡站,2019-01-23,16522,12,1,晴,北风,微风,1,1256354
三坝站,2019-01-23,30472,12,1,晴,北风,微风,1,1256354
三墩站,2019-01-23,24673,12,1,晴,北风,微风,1,1256354
下沙江滨站,2019-01-23,19480,12,1,晴,北风,微风,1,1256354
下沙西站,2019-01-23,14533,12,1,晴,北风,微风,1,1256354
中医药大学站,2019-01-23,19525,12,1,晴,北风,微风,1,1256354
中河北路站,2019-01-23,26872,12,1,晴,北风,微风,1,1256354
丰潭路站,2019-01-23,33443,12,1,晴,北风,微风,1,1256354
临平站,2019-01-23,49797,12,1,晴,北风,微风,1,1256354
乔司南站,2019-01-23,8929,12,1,晴,北风,微风,1,1256354
乔司站,2019-01-23,21731,12,1,晴,北风,微风,1,1256354
九和路站,2019-01-23,36790,12,1,晴,北风,微风,1,1256354
九堡站,2019-01-23,22335,12,1,晴,北风,微风,1,1256354
云水站,2019-01-23,21129,12,1,晴,北风,微风,1,1256354
人民广场站,2019-01-23,26380,12,1,晴,北风,微风,1,1256354
人民路站,2019-01-23,22591,12,1,晴,北风,微风,1,1256354
余杭高铁站,2019-01-23,9288,12,1,晴,北风,微风,1,1256354
凤起路A站,2019-01-23,62316,12,1,晴,北风,微风,1,1256354
凤起路B站,2019-01-23,26619,12,1,晴,北风,微风,1,1256354
南星桥站,2019-01-23,23909,12,1,晴,北风,微风,1,1256354
南苑站,2019-01-23,17113,12,1,晴,北风,微风,1,1256354
古翠路站,2019-01-23,41744,12,1,晴,北风,微风,1,1256354
城星路站,2019-01-23,30373,12,1,晴,北风,微风,1,1256354
城站,2019-01-23,80966,12,1,晴,北风,微风,1,1256354
墩祥街站,2019-01-23,23120,12,1,晴,北风,微风,1,1256354
复兴路站,2019-01-23,8551,12,1,晴,北风,微风,1,1256354
婺江路站,2019-01-23,21913,12,1,晴,北风,微风,1,1256354
学院路站,2019-01-23,34415,12,1,晴,北风,微风,1,1256354
定安路站,2019-01-23,52636,12,1,晴,北风,微风,1,1256354
客运中心站,2019-01-23,55475,12,1,晴,北风,微风,1,1256354
市民中心站,2019-01-23,35828,12,1,晴,北风,微风,1,1256354
庆春广场站,2019-01-23,37358,12,1,晴,北风,微风,1,1256354
庆菱路站,2019-01-23,25316,12,1,晴,北风,微风,1,1256354
建国北路站,2019-01-23,32392,12,1,晴,北风,微风,1,1256354
建设一路站,2019-01-23,13590,12,1,晴,北风,微风,1,1256354
建设三路站,2019-01-23,21537,12,1,晴,北风,微风,1,1256354
彭埠站,2019-01-23,49137,12,1,晴,北风,微风,1,1256354
打铁关站,2019-01-23,45757,12,1,晴,北风,微风,1,1256354
振宁路站,2019-01-23,26648,12,1,晴,北风,微风,1,1256354
文新站,2019-01-23,29331,12,1,晴,北风,微风,1,1256354
文泽路站,2019-01-23,39013,12,1,晴,北风,微风,1,1256354
文海南路站,2019-01-23,24718,12,1,晴,北风,微风,1,1256354
新塘站,2019-01-23,12556,12,1,晴,北风,微风,1,1256354
新风站,2019-01-23,10117,12,1,晴,北风,微风,1,1256354
景芳站,2019-01-23,36534,12,1,晴,北风,微风,1,1256354
曹家桥站,2019-01-23,9665,12,1,晴,北风,微风,1,1256354
朝阳站,2019-01-23,15918,12,1,晴,北风,微风,1,1256354
杜甫村站,2019-01-23,17796,12,1,晴,北风,微风,1,1256354
杨家墩站,2019-01-23,10921,12,1,晴,北风,微风,1,1256354
杭发厂站,2019-01-23,22783,12,1,晴,北风,微风,1,1256354
武林广场站,2019-01-23,54780,12,1,晴,北风,微风,1,1256354
武林门站,2019-01-23,33583,12,1,晴,北风,微风,1,1256354
水澄桥站,2019-01-23,14107,12,1,晴,北风,微风,1,1256354
江锦路站,2019-01-23,32246,12,1,晴,北风,微风,1,1256354
江陵路站,2019-01-23,77143,12,1,晴,北风,微风,1,1256354
沈塘桥站,2019-01-23,38950,12,1,晴,北风,微风,1,1256354
浦沿站,2019-01-23,13782,12,1,晴,北风,微风,1,1256354
湘湖站,2019-01-23,23875,12,1,晴,北风,微风,1,1256354
滨和路站,2019-01-23,28097,12,1,晴,北风,微风,1,1256354
滨康路站,2019-01-23,14010,12,1,晴,北风,微风,1,1256354
潘水站,2019-01-23,13174,12,1,晴,北风,微风,1,1256354
火车东站,2019-01-23,184814,12,1,晴,北风,微风,1,1256354
甬江路站,2019-01-23,7094,12,1,晴,北风,微风,1,1256354
白洋站,2019-01-23,11774,12,1,晴,北风,微风,1,1256354
盈丰路站,2019-01-23,21982,12,1,晴,北风,微风,1,1256354
翁梅站,2019-01-23,17357,12,1,晴,北风,微风,1,1256354
联庄站,2019-01-23,20738,12,1,晴,北风,微风,1,1256354
良渚站,2019-01-23,13527,12,1,晴,北风,微风,1,1256354
虾龙圩站,2019-01-23,22718,12,1,晴,北风,微风,1,1256354
西兴站,2019-01-23,38272,12,1,晴,北风,微风,1,1256354
西湖文化广场站,2019-01-23,56901,12,1,晴,北风,微风,1,1256354
近江站,2019-01-23,47026,12,1,晴,北风,微风,1,1256354
金家渡站,2019-01-23,22607,12,1,晴,北风,微风,1,1256354
金沙湖站,2019-01-23,46768,12,1,晴,北风,微风,1,1256354
钱江世纪城站,2019-01-23,25387,12,1,晴,北风,微风,1,1256354
钱江路站,2019-01-23,39804,12,1,晴,北风,微风,1,1256354
闸弄口站,2019-01-23,44728,12,1,晴,北风,微风,1,1256354
飞虹路站,2019-01-23,21487,12,1,晴,北风,微风,1,1256354
高沙路站,2019-01-23,26525,12,1,晴,北风,微风,1,1256354
龙翔桥站,2019-01-23,110151,12,1,晴,北风,微风,1,1256354
七堡站,2019-01-24,16283,11,1,晴,北风,微风,1,1253625
三坝站,2019-01-24,30471,11,1,晴,北风,微风,1,1253625
三墩站,2019-01-24,24682,11,1,晴,北风,微风,1,1253625
下沙江滨站,2019-01-24,18412,11,1,晴,北风,微风,1,1253625
下沙西站,2019-01-24,13984,11,1,晴,北风,微风,1,1253625
中医药大学站,2019-01-24,19641,11,1,晴,北风,微风,1,1253625
中河北路站,2019-01-24,27266,11,1,晴,北风,微风,1,1253625
丰潭路站,2019-01-24,33169,11,1,晴,北风,微风,1,1253625
临平站,2019-01-24,49469,11,1,晴,北风,微风,1,1253625
乔司南站,2019-01-24,8720,11,1,晴,北风,微风,1,1253625
乔司站,2019-01-24,21089,11,1,晴,北风,微风,1,1253625
九和路站,2019-01-24,36924,11,1,晴,北风,微风,1,1253625
九堡站,2019-01-24,21243,11,1,晴,北风,微风,1,1253625
云水站,2019-01-24,20361,11,1,晴,北风,微风,1,1253625
人民广场站,2019-01-24,28429,11,1,晴,北风,微风,1,1253625
人民路站,2019-01-24,23468,11,1,晴,北风,微风,1,1253625
余杭高铁站,2019-01-24,8950,11,1,晴,北风,微风,1,1253625
凤起路A站,2019-01-24,62887,11,1,晴,北风,微风,1,1253625
凤起路B站,2019-01-24,27614,11,1,晴,北风,微风,1,1253625
南星桥站,2019-01-24,24102,11,1,晴,北风,微风,1,1253625
南苑站,2019-01-24,16627,11,1,晴,北风,微风,1,1253625
古翠路站,2019-01-24,41109,11,1,晴,北风,微风,1,1253625
城星路站,2019-01-24,30213,11,1,晴,北风,微风,1,1253625
城站,2019-01-24,82595,11,1,晴,北风,微风,1,1253625
墩祥街站,2019-01-24,23492,11,1,晴,北风,微风,1,1253625
复兴路站,2019-01-24,8423,11,1,晴,北风,微风,1,1253625
婺江路站,2019-01-24,22084,11,1,晴,北风,微风,1,1253625
学院路站,2019-01-24,34090,11,1,晴,北风,微风,1,1253625
定安路站,2019-01-24,52197,11,1,晴,北风,微风,1,1253625
客运中心站,2019-01-24,55011,11,1,晴,北风,微风,1,1253625
市民中心站,2019-01-24,35497,11,1,晴,北风,微风,1,1253625
庆春广场站,2019-01-24,37398,11,1,晴,北风,微风,1,1253625
庆菱路站,2019-01-24,25762,11,1,晴,北风,微风,1,1253625
建国北路站,2019-01-24,31517,11,1,晴,北风,微风,1,1253625
建设一路站,2019-01-24,14052,11,1,晴,北风,微风,1,1253625
建设三路站,2019-01-24,21033,11,1,晴,北风,微风,1,1253625
彭埠站,2019-01-24,48532,11,1,晴,北风,微风,1,1253625
打铁关站,2019-01-24,46048,11,1,晴,北风,微风,1,1253625
振宁路站,2019-01-24,27151,11,1,晴,北风,微风,1,1253625
文新站,2019-01-24,29108,11,1,晴,北风,微风,1,1253625
文泽路站,2019-01-24,33002,11,1,晴,北风,微风,1,1253625
文海南路站,2019-01-24,23979,11,1,晴,北风,微风,1,1253625
新塘站,2019-01-24,12424,11,1,晴,北风,微风,1,1253625
新风站,2019-01-24,10355,11,1,晴,北风,微风,1,1253625
景芳站,2019-01-24,36293,11,1,晴,北风,微风,1,1253625
曹家桥站,2019-01-24,10035,11,1,晴,北风,微风,1,1253625
朝阳站,2019-01-24,17341,11,1,晴,北风,微风,1,1253625
杜甫村站,2019-01-24,18504,11,1,晴,北风,微风,1,1253625
杨家墩站,2019-01-24,10666,11,1,晴,北风,微风,1,1253625
杭发厂站,2019-01-24,26272,11,1,晴,北风,微风,1,1253625
武林广场站,2019-01-24,55024,11,1,晴,北风,微风,1,1253625
武林门站,2019-01-24,33907,11,1,晴,北风,微风,1,1253625
水澄桥站,2019-01-24,13984,11,1,晴,北风,微风,1,1253625
江锦路站,2019-01-24,32343,11,1,晴,北风,微风,1,1253625
江陵路站,2019-01-24,77727,11,1,晴,北风,微风,1,1253625
沈塘桥站,2019-01-24,38250,11,1,晴,北风,微风,1,1253625
浦沿站,2019-01-24,13581,11,1,晴,北风,微风,1,1253625
湘湖站,2019-01-24,25365,11,1,晴,北风,微风,1,1253625
滨和路站,2019-01-24,27319,11,1,晴,北风,微风,1,1253625
滨康路站,2019-01-24,13718,11,1,晴,北风,微风,1,1253625
潘水站,2019-01-24,14049,11,1,晴,北风,微风,1,1253625
火车东站,2019-01-24,183613,11,1,晴,北风,微风,1,1253625
甬江路站,2019-01-24,7152,11,1,晴,北风,微风,1,1253625
白洋站,2019-01-24,11352,11,1,晴,北风,微风,1,1253625
盈丰路站,2019-01-24,21885,11,1,晴,北风,微风,1,1253625
翁梅站,2019-01-24,17248,11,1,晴,北风,微风,1,1253625
联庄站,2019-01-24,20690,11,1,晴,北风,微风,1,1253625
良渚站,2019-01-24,13700,11,1,晴,北风,微风,1,1253625
虾龙圩站,2019-01-24,22419,11,1,晴,北风,微风,1,1253625
西兴站,2019-01-24,38067,11,1,晴,北风,微风,1,1253625
西湖文化广场站,2019-01-24,57024,11,1,晴,北风,微风,1,1253625
近江站,2019-01-24,47833,11,1,晴,北风,微风,1,1253625
金家渡站,2019-01-24,22720,11,1,晴,北风,微风,1,1253625
金沙湖站,2019-01-24,45066,11,1,晴,北风,微风,1,1253625
钱江世纪城站,2019-01-24,25237,11,1,晴,北风,微风,1,1253625
钱江路站,2019-01-24,40649,11,1,晴,北风,微风,1,1253625
闸弄口站,2019-01-24,43476,11,1,晴,北风,微风,1,1253625
飞虹路站,2019-01-24,21769,11,1,晴,北风,微风,1,1253625
高沙路站,2019-01-24,22917,11,1,晴,北风,微风,1,1253625
龙翔桥站,2019-01-24,111312,11,1,晴,北风,微风,1,1253625
七堡站,2019-01-25,16175,9,2,多云,北风,微风,1,1281946
三坝站,2019-01-25,32056,9,2,多云,北风,微风,1,1281946
三墩站,2019-01-25,24719,9,2,多云,北风,微风,1,1281946
下沙江滨站,2019-01-25,18811,9,2,多云,北风,微风,1,1281946
下沙西站,2019-01-25,13848,9,2,多云,北风,微风,1,1281946
中医药大学站,2019-01-25,20469,9,2,多云,北风,微风,1,1281946
中河北路站,2019-01-25,26819,9,2,多云,北风,微风,1,1281946
丰潭路站,2019-01-25,34217,9,2,多云,北风,微风,1,1281946
临平站,2019-01-25,50149,9,2,多云,北风,微风,1,1281946
乔司南站,2019-01-25,8580,9,2,多云,北风,微风,1,1281946
乔司站,2019-01-25,21316,9,2,多云,北风,微风,1,1281946
九和路站,2019-01-25,36100,9,2,多云,北风,微风,1,1281946
九堡站,2019-01-25,21874,9,2,多云,北风,微风,1,1281946
云水站,2019-01-25,20279,9,2,多云,北风,微风,1,1281946
人民广场站,2019-01-25,28440,9,2,多云,北风,微风,1,1281946
人民路站,2019-01-25,23795,9,2,多云,北风,微风,1,1281946
余杭高铁站,2019-01-25,9223,9,2,多云,北风,微风,1,1281946
凤起路A站,2019-01-25,64640,9,2,多云,北风,微风,1,1281946
凤起路B站,2019-01-25,28153,9,2,多云,北风,微风,1,1281946
南星桥站,2019-01-25,24374,9,2,多云,北风,微风,1,1281946
南苑站,2019-01-25,16784,9,2,多云,北风,微风,1,1281946
古翠路站,2019-01-25,42435,9,2,多云,北风,微风,1,1281946
城星路站,2019-01-25,29484,9,2,多云,北风,微风,1,1281946
城站,2019-01-25,88011,9,2,多云,北风,微风,1,1281946
墩祥街站,2019-01-25,24024,9,2,多云,北风,微风,1,1281946
复兴路站,2019-01-25,8717,9,2,多云,北风,微风,1,1281946
婺江路站,2019-01-25,23426,9,2,多云,北风,微风,1,1281946
学院路站,2019-01-25,35937,9,2,多云,北风,微风,1,1281946
定安路站,2019-01-25,54556,9,2,多云,北风,微风,1,1281946
客运中心站,2019-01-25,56059,9,2,多云,北风,微风,1,1281946
市民中心站,2019-01-25,36318,9,2,多云,北风,微风,1,1281946
庆春广场站,2019-01-25,37844,9,2,多云,北风,微风,1,1281946
庆菱路站,2019-01-25,26525,9,2,多云,北风,微风,1,1281946
建国北路站,2019-01-25,32508,9,2,多云,北风,微风,1,1281946
建设一路站,2019-01-25,14041,9,2,多云,北风,微风,1,1281946
建设三路站,2019-01-25,21580,9,2,多云,北风,微风,1,1281946
彭埠站,2019-01-25,48664,9,2,多云,北风,微风,1,1281946
打铁关站,2019-01-25,47571,9,2,多云,北风,微风,1,1281946
振宁路站,2019-01-25,27514,9,2,多云,北风,微风,1,1281946
文新站,2019-01-25,30984,9,2,多云,北风,微风,1,1281946
文泽路站,2019-01-25,31078,9,2,多云,北风,微风,1,1281946
文海南路站,2019-01-25,23653,9,2,多云,北风,微风,1,1281946
新塘站,2019-01-25,11620,9,2,多云,北风,微风,1,1281946
新风站,2019-01-25,10274,9,2,多云,北风,微风,1,1281946
景芳站,2019-01-25,36588,9,2,多云,北风,微风,1,1281946
曹家桥站,2019-01-25,9988,9,2,多云,北风,微风,1,1281946
朝阳站,2019-01-25,17061,9,2,多云,北风,微风,1,1281946
杜甫村站,2019-01-25,18430,9,2,多云,北风,微风,1,1281946
杨家墩站,2019-01-25,10950,9,2,多云,北风,微风,1,1281946
杭发厂站,2019-01-25,26743,9,2,多云,北风,微风,1,1281946
武林广场站,2019-01-25,58256,9,2,多云,北风,微风,1,1281946
武林门站,2019-01-25,34136,9,2,多云,北风,微风,1,1281946
水澄桥站,2019-01-25,15061,9,2,多云,北风,微风,1,1281946
江锦路站,2019-01-25,32895,9,2,多云,北风,微风,1,1281946
江陵路站,2019-01-25,78327,9,2,多云,北风,微风,1,1281946
沈塘桥站,2019-01-25,39744,9,2,多云,北风,微风,1,1281946
浦沿站,2019-01-25,13881,9,2,多云,北风,微风,1,1281946
湘湖站,2019-01-25,25055,9,2,多云,北风,微风,1,1281946
滨和路站,2019-01-25,28001,9,2,多云,北风,微风,1,1281946
滨康路站,2019-01-25,14146,9,2,多云,北风,微风,1,1281946
潘水站,2019-01-25,14135,9,2,多云,北风,微风,1,1281946
火车东站,2019-01-25,203061,9,2,多云,北风,微风,1,1281946
甬江路站,2019-01-25,7103,9,2,多云,北风,微风,1,1281946
白洋站,2019-01-25,11269,9,2,多云,北风,微风,1,1281946
盈丰路站,2019-01-25,21477,9,2,多云,北风,微风,1,1281946
翁梅站,2019-01-25,16429,9,2,多云,北风,微风,1,1281946
联庄站,2019-01-25,21200,9,2,多云,北风,微风,1,1281946
良渚站,2019-01-25,14110,9,2,多云,北风,微风,1,1281946
虾龙圩站,2019-01-25,23708,9,2,多云,北风,微风,1,1281946
西兴站,2019-01-25,39280,9,2,多云,北风,微风,1,1281946
西湖文化广场站,2019-01-25,59018,9,2,多云,北风,微风,1,1281946
近江站,2019-01-25,47841,9,2,多云,北风,微风,1,1281946
金家渡站,2019-01-25,23173,9,2,多云,北风,微风,1,1281946
金沙湖站,2019-01-25,45344,9,2,多云,北风,微风,1,1281946
钱江世纪城站,2019-01-25,26219,9,2,多云,北风,微风,1,1281946
钱江路站,2019-01-25,41002,9,2,多云,北风,微风,1,1281946
闸弄口站,2019-01-25,45306,9,2,多云,北风,微风,1,1281946
飞虹路站,2019-01-25,21617,9,2,多云,北风,微风,1,1281946
高沙路站,2019-01-25,20331,9,2,多云,北风,微风,1,1281946
龙翔桥站,2019-01-25,111653,9,2,多云,北风,微风,1,1281946
