station_name,time,total_traffic,日期,最高气温℃,最低气温℃,天气,风向,风力
七堡站,2019-01-01,9481,2019-01-01,6,1,小雨,北风,微风
三坝站,2019-01-01,22779,2019-01-01,6,1,小雨,北风,微风
三墩站,2019-01-01,19531,2019-01-01,6,1,小雨,北风,微风
下沙江滨站,2019-01-01,19337,2019-01-01,6,1,小雨,北风,微风
下沙西站,2019-01-01,10488,2019-01-01,6,1,小雨,北风,微风
中医药大学站,2019-01-01,23632,2019-01-01,6,1,小雨,北风,微风
中河北路站,2019-01-01,18133,2019-01-01,6,1,小雨,北风,微风
丰潭路站,2019-01-01,29262,2019-01-01,6,1,小雨,北风,微风
临平站,2019-01-01,51514,2019-01-01,6,1,小雨,北风,微风
乔司南站,2019-01-01,7939,2019-01-01,6,1,小雨,北风,微风
乔司站,2019-01-01,33227,2019-01-01,6,1,小雨,北风,微风
九和路站,2019-01-01,23227,2019-01-01,6,1,小雨,北风,微风
九堡站,2019-01-01,20959,2019-01-01,6,1,小雨,北风,微风
云水站,2019-01-01,20776,2019-01-01,6,1,小雨,北风,微风
人民广场站,2019-01-01,24710,2019-01-01,6,1,小雨,北风,微风
人民路站,2019-01-01,20272,2019-01-01,6,1,小雨,北风,微风
余杭高铁站,2019-01-01,10026,2019-01-01,6,1,小雨,北风,微风
凤起路A站,2019-01-01,72913,2019-01-01,6,1,小雨,北风,微风
凤起路B站,2019-01-01,31819,2019-01-01,6,1,小雨,北风,微风
南星桥站,2019-01-01,13041,2019-01-01,6,1,小雨,北风,微风
南苑站,2019-01-01,16164,2019-01-01,6,1,小雨,北风,微风
古翠路站,2019-01-01,26974,2019-01-01,6,1,小雨,北风,微风
城星路站,2019-01-01,7964,2019-01-01,6,1,小雨,北风,微风
城站,2019-01-01,85737,2019-01-01,6,1,小雨,北风,微风
墩祥街站,2019-01-01,19279,2019-01-01,6,1,小雨,北风,微风
复兴路站,2019-01-01,7223,2019-01-01,6,1,小雨,北风,微风
婺江路站,2019-01-01,26745,2019-01-01,6,1,小雨,北风,微风
学院路站,2019-01-01,24455,2019-01-01,6,1,小雨,北风,微风
定安路站,2019-01-01,64963,2019-01-01,6,1,小雨,北风,微风
客运中心站,2019-01-01,70821,2019-01-01,6,1,小雨,北风,微风
市民中心站,2019-01-01,24916,2019-01-01,6,1,小雨,北风,微风
庆春广场站,2019-01-01,20512,2019-01-01,6,1,小雨,北风,微风
庆菱路站,2019-01-01,17528,2019-01-01,6,1,小雨,北风,微风
建国北路站,2019-01-01,20564,2019-01-01,6,1,小雨,北风,微风
建设一路站,2019-01-01,10517,2019-01-01,6,1,小雨,北风,微风
建设三路站,2019-01-01,17590,2019-01-01,6,1,小雨,北风,微风
彭埠站,2019-01-01,33507,2019-01-01,6,1,小雨,北风,微风
打铁关站,2019-01-01,38674,2019-01-01,6,1,小雨,北风,微风
振宁路站,2019-01-01,21745,2019-01-01,6,1,小雨,北风,微风
文新站,2019-01-01,26328,2019-01-01,6,1,小雨,北风,微风
文泽路站,2019-01-01,61774,2019-01-01,6,1,小雨,北风,微风
文海南路站,2019-01-01,51652,2019-01-01,6,1,小雨,北风,微风
新塘站,2019-01-01,10328,2019-01-01,6,1,小雨,北风,微风
新风站,2019-01-01,6752,2019-01-01,6,1,小雨,北风,微风
景芳站,2019-01-01,29496,2019-01-01,6,1,小雨,北风,微风
曹家桥站,2019-01-01,7466,2019-01-01,6,1,小雨,北风,微风
朝阳站,2019-01-01,17422,2019-01-01,6,1,小雨,北风,微风
杜甫村站,2019-01-01,20507,2019-01-01,6,1,小雨,北风,微风
杨家墩站,2019-01-01,19599,2019-01-01,6,1,小雨,北风,微风
杭发厂站,2019-01-01,29869,2019-01-01,6,1,小雨,北风,微风
武林广场站,2019-01-01,75760,2019-01-01,6,1,小雨,北风,微风
武林门站,2019-01-01,21874,2019-01-01,6,1,小雨,北风,微风
水澄桥站,2019-01-01,13590,2019-01-01,6,1,小雨,北风,微风
江锦路站,2019-01-01,21730,2019-01-01,6,1,小雨,北风,微风
江陵路站,2019-01-01,45818,2019-01-01,6,1,小雨,北风,微风
沈塘桥站,2019-01-01,22417,2019-01-01,6,1,小雨,北风,微风
浦沿站,2019-01-01,15656,2019-01-01,6,1,小雨,北风,微风
湘湖站,2019-01-01,22729,2019-01-01,6,1,小雨,北风,微风
滨和路站,2019-01-01,24385,2019-01-01,6,1,小雨,北风,微风
滨康路站,2019-01-01,12477,2019-01-01,6,1,小雨,北风,微风
潘水站,2019-01-01,12786,2019-01-01,6,1,小雨,北风,微风
火车东站,2019-01-01,357089,2019-01-01,6,1,小雨,北风,微风
甬江路站,2019-01-01,4639,2019-01-01,6,1,小雨,北风,微风
白洋站,2019-01-01,9176,2019-01-01,6,1,小雨,北风,微风
盈丰路站,2019-01-01,12349,2019-01-01,6,1,小雨,北风,微风
翁梅站,2019-01-01,22443,2019-01-01,6,1,小雨,北风,微风
联庄站,2019-01-01,17751,2019-01-01,6,1,小雨,北风,微风
良渚站,2019-01-01,13644,2019-01-01,6,1,小雨,北风,微风
虾龙圩站,2019-01-01,20120,2019-01-01,6,1,小雨,北风,微风
西兴站,2019-01-01,32289,2019-01-01,6,1,小雨,北风,微风
西湖文化广场站,2019-01-01,48386,2019-01-01,6,1,小雨,北风,微风
近江站,2019-01-01,24263,2019-01-01,6,1,小雨,北风,微风
金家渡站,2019-01-01,24493,2019-01-01,6,1,小雨,北风,微风
金沙湖站,2019-01-01,53702,2019-01-01,6,1,小雨,北风,微风
钱江世纪城站,2019-01-01,13836,2019-01-01,6,1,小雨,北风,微风
钱江路站,2019-01-01,29982,2019-01-01,6,1,小雨,北风,微风
闸弄口站,2019-01-01,36247,2019-01-01,6,1,小雨,北风,微风
飞虹路站,2019-01-01,18243,2019-01-01,6,1,小雨,北风,微风
高沙路站,2019-01-01,24022,2019-01-01,6,1,小雨,北风,微风
龙翔桥站,2019-01-01,167448,2019-01-01,6,1,小雨,北风,微风
七堡站,2019-01-02,15282,2019-01-02,5,3,小雨,西北风,微风
三坝站,2019-01-02,28988,2019-01-02,5,3,小雨,西北风,微风
三墩站,2019-01-02,24233,2019-01-02,5,3,小雨,西北风,微风
下沙江滨站,2019-01-02,18554,2019-01-02,5,3,小雨,西北风,微风
下沙西站,2019-01-02,13853,2019-01-02,5,3,小雨,西北风,微风
中医药大学站,2019-01-02,21260,2019-01-02,5,3,小雨,西北风,微风
中河北路站,2019-01-02,26177,2019-01-02,5,3,小雨,西北风,微风
丰潭路站,2019-01-02,32714,2019-01-02,5,3,小雨,西北风,微风
临平站,2019-01-02,46194,2019-01-02,5,3,小雨,西北风,微风
乔司南站,2019-01-02,9081,2019-01-02,5,3,小雨,西北风,微风
乔司站,2019-01-02,20084,2019-01-02,5,3,小雨,西北风,微风
九和路站,2019-01-02,36538,2019-01-02,5,3,小雨,西北风,微风
九堡站,2019-01-02,20460,2019-01-02,5,3,小雨,西北风,微风
云水站,2019-01-02,19281,2019-01-02,5,3,小雨,西北风,微风
人民广场站,2019-01-02,23402,2019-01-02,5,3,小雨,西北风,微风
人民路站,2019-01-02,20372,2019-01-02,5,3,小雨,西北风,微风
余杭高铁站,2019-01-02,9210,2019-01-02,5,3,小雨,西北风,微风
凤起路A站,2019-01-02,49822,2019-01-02,5,3,小雨,西北风,微风
凤起路B站,2019-01-02,22310,2019-01-02,5,3,小雨,西北风,微风
南星桥站,2019-01-02,23845,2019-01-02,5,3,小雨,西北风,微风
南苑站,2019-01-02,16789,2019-01-02,5,3,小雨,西北风,微风
古翠路站,2019-01-02,40598,2019-01-02,5,3,小雨,西北风,微风
城星路站,2019-01-02,31559,2019-01-02,5,3,小雨,西北风,微风
城站,2019-01-02,68527,2019-01-02,5,3,小雨,西北风,微风
墩祥街站,2019-01-02,22692,2019-01-02,5,3,小雨,西北风,微风
复兴路站,2019-01-02,8429,2019-01-02,5,3,小雨,西北风,微风
婺江路站,2019-01-02,20399,2019-01-02,5,3,小雨,西北风,微风
学院路站,2019-01-02,33549,2019-01-02,5,3,小雨,西北风,微风
定安路站,2019-01-02,44528,2019-01-02,5,3,小雨,西北风,微风
客运中心站,2019-01-02,52337,2019-01-02,5,3,小雨,西北风,微风
市民中心站,2019-01-02,31853,2019-01-02,5,3,小雨,西北风,微风
庆春广场站,2019-01-02,34236,2019-01-02,5,3,小雨,西北风,微风
庆菱路站,2019-01-02,22682,2019-01-02,5,3,小雨,西北风,微风
建国北路站,2019-01-02,30703,2019-01-02,5,3,小雨,西北风,微风
建设一路站,2019-01-02,13070,2019-01-02,5,3,小雨,西北风,微风
建设三路站,2019-01-02,20467,2019-01-02,5,3,小雨,西北风,微风
彭埠站,2019-01-02,46013,2019-01-02,5,3,小雨,西北风,微风
打铁关站,2019-01-02,44307,2019-01-02,5,3,小雨,西北风,微风
振宁路站,2019-01-02,26666,2019-01-02,5,3,小雨,西北风,微风
文新站,2019-01-02,28423,2019-01-02,5,3,小雨,西北风,微风
文泽路站,2019-01-02,36402,2019-01-02,5,3,小雨,西北风,微风
文海南路站,2019-01-02,33484,2019-01-02,5,3,小雨,西北风,微风
新塘站,2019-01-02,12404,2019-01-02,5,3,小雨,西北风,微风
新风站,2019-01-02,10287,2019-01-02,5,3,小雨,西北风,微风
景芳站,2019-01-02,32637,2019-01-02,5,3,小雨,西北风,微风
曹家桥站,2019-01-02,8922,2019-01-02,5,3,小雨,西北风,微风
朝阳站,2019-01-02,14611,2019-01-02,5,3,小雨,西北风,微风
杜甫村站,2019-01-02,16378,2019-01-02,5,3,小雨,西北风,微风
杨家墩站,2019-01-02,12144,2019-01-02,5,3,小雨,西北风,微风
杭发厂站,2019-01-02,20005,2019-01-02,5,3,小雨,西北风,微风
武林广场站,2019-01-02,52344,2019-01-02,5,3,小雨,西北风,微风
武林门站,2019-01-02,32312,2019-01-02,5,3,小雨,西北风,微风
水澄桥站,2019-01-02,12897,2019-01-02,5,3,小雨,西北风,微风
江锦路站,2019-01-02,30144,2019-01-02,5,3,小雨,西北风,微风
江陵路站,2019-01-02,74391,2019-01-02,5,3,小雨,西北风,微风
沈塘桥站,2019-01-02,37682,2019-01-02,5,3,小雨,西北风,微风
浦沿站,2019-01-02,13743,2019-01-02,5,3,小雨,西北风,微风
湘湖站,2019-01-02,20746,2019-01-02,5,3,小雨,西北风,微风
滨和路站,2019-01-02,27402,2019-01-02,5,3,小雨,西北风,微风
滨康路站,2019-01-02,13590,2019-01-02,5,3,小雨,西北风,微风
潘水站,2019-01-02,11542,2019-01-02,5,3,小雨,西北风,微风
火车东站,2019-01-02,192040,2019-01-02,5,3,小雨,西北风,微风
甬江路站,2019-01-02,6503,2019-01-02,5,3,小雨,西北风,微风
白洋站,2019-01-02,10857,2019-01-02,5,3,小雨,西北风,微风
盈丰路站,2019-01-02,22679,2019-01-02,5,3,小雨,西北风,微风
翁梅站,2019-01-02,16425,2019-01-02,5,3,小雨,西北风,微风
联庄站,2019-01-02,20158,2019-01-02,5,3,小雨,西北风,微风
良渚站,2019-01-02,12891,2019-01-02,5,3,小雨,西北风,微风
虾龙圩站,2019-01-02,20276,2019-01-02,5,3,小雨,西北风,微风
西兴站,2019-01-02,38122,2019-01-02,5,3,小雨,西北风,微风
西湖文化广场站,2019-01-02,50910,2019-01-02,5,3,小雨,西北风,微风
近江站,2019-01-02,42534,2019-01-02,5,3,小雨,西北风,微风
金家渡站,2019-01-02,23339,2019-01-02,5,3,小雨,西北风,微风
金沙湖站,2019-01-02,43321,2019-01-02,5,3,小雨,西北风,微风
钱江世纪城站,2019-01-02,23924,2019-01-02,5,3,小雨,西北风,微风
钱江路站,2019-01-02,41113,2019-01-02,5,3,小雨,西北风,微风
闸弄口站,2019-01-02,41042,2019-01-02,5,3,小雨,西北风,微风
飞虹路站,2019-01-02,21354,2019-01-02,5,3,小雨,西北风,微风
高沙路站,2019-01-02,20517,2019-01-02,5,3,小雨,西北风,微风
龙翔桥站,2019-01-02,84903,2019-01-02,5,3,小雨,西北风,微风
七堡站,2019-01-03,15379,2019-01-03,9,4,小雨,北风,微风
三坝站,2019-01-03,28260,2019-01-03,9,4,小雨,北风,微风
三墩站,2019-01-03,23119,2019-01-03,9,4,小雨,北风,微风
下沙江滨站,2019-01-03,18013,2019-01-03,9,4,小雨,北风,微风
下沙西站,2019-01-03,14105,2019-01-03,9,4,小雨,北风,微风
中医药大学站,2019-01-03,19698,2019-01-03,9,4,小雨,北风,微风
中河北路站,2019-01-03,25380,2019-01-03,9,4,小雨,北风,微风
丰潭路站,2019-01-03,32006,2019-01-03,9,4,小雨,北风,微风
临平站,2019-01-03,44168,2019-01-03,9,4,小雨,北风,微风
乔司南站,2019-01-03,8924,2019-01-03,9,4,小雨,北风,微风
乔司站,2019-01-03,19167,2019-01-03,9,4,小雨,北风,微风
九和路站,2019-01-03,35933,2019-01-03,9,4,小雨,北风,微风
九堡站,2019-01-03,20041,2019-01-03,9,4,小雨,北风,微风
云水站,2019-01-03,18717,2019-01-03,9,4,小雨,北风,微风
人民广场站,2019-01-03,23200,2019-01-03,9,4,小雨,北风,微风
人民路站,2019-01-03,20276,2019-01-03,9,4,小雨,北风,微风
余杭高铁站,2019-01-03,8142,2019-01-03,9,4,小雨,北风,微风
凤起路A站,2019-01-03,48971,2019-01-03,9,4,小雨,北风,微风
凤起路B站,2019-01-03,22674,2019-01-03,9,4,小雨,北风,微风
南星桥站,2019-01-03,24116,2019-01-03,9,4,小雨,北风,微风
南苑站,2019-01-03,16743,2019-01-03,9,4,小雨,北风,微风
古翠路站,2019-01-03,39462,2019-01-03,9,4,小雨,北风,微风
城星路站,2019-01-03,32037,2019-01-03,9,4,小雨,北风,微风
城站,2019-01-03,62235,2019-01-03,9,4,小雨,北风,微风
墩祥街站,2019-01-03,22143,2019-01-03,9,4,小雨,北风,微风
复兴路站,2019-01-03,8190,2019-01-03,9,4,小雨,北风,微风
婺江路站,2019-01-03,20037,2019-01-03,9,4,小雨,北风,微风
学院路站,2019-01-03,33180,2019-01-03,9,4,小雨,北风,微风
定安路站,2019-01-03,43600,2019-01-03,9,4,小雨,北风,微风
客运中心站,2019-01-03,49043,2019-01-03,9,4,小雨,北风,微风
市民中心站,2019-01-03,32062,2019-01-03,9,4,小雨,北风,微风
庆春广场站,2019-01-03,35703,2019-01-03,9,4,小雨,北风,微风
庆菱路站,2019-01-03,22256,2019-01-03,9,4,小雨,北风,微风
建国北路站,2019-01-03,30000,2019-01-03,9,4,小雨,北风,微风
建设一路站,2019-01-03,12998,2019-01-03,9,4,小雨,北风,微风
建设三路站,2019-01-03,20364,2019-01-03,9,4,小雨,北风,微风
彭埠站,2019-01-03,46673,2019-01-03,9,4,小雨,北风,微风
打铁关站,2019-01-03,43255,2019-01-03,9,4,小雨,北风,微风
振宁路站,2019-01-03,26600,2019-01-03,9,4,小雨,北风,微风
文新站,2019-01-03,27810,2019-01-03,9,4,小雨,北风,微风
文泽路站,2019-01-03,33610,2019-01-03,9,4,小雨,北风,微风
文海南路站,2019-01-03,31296,2019-01-03,9,4,小雨,北风,微风
新塘站,2019-01-03,12877,2019-01-03,9,4,小雨,北风,微风
新风站,2019-01-03,10507,2019-01-03,9,4,小雨,北风,微风
景芳站,2019-01-03,33018,2019-01-03,9,4,小雨,北风,微风
曹家桥站,2019-01-03,8987,2019-01-03,9,4,小雨,北风,微风
朝阳站,2019-01-03,14177,2019-01-03,9,4,小雨,北风,微风
杜甫村站,2019-01-03,16065,2019-01-03,9,4,小雨,北风,微风
杨家墩站,2019-01-03,11123,2019-01-03,9,4,小雨,北风,微风
杭发厂站,2019-01-03,19245,2019-01-03,9,4,小雨,北风,微风
武林广场站,2019-01-03,48158,2019-01-03,9,4,小雨,北风,微风
武林门站,2019-01-03,33106,2019-01-03,9,4,小雨,北风,微风
水澄桥站,2019-01-03,12480,2019-01-03,9,4,小雨,北风,微风
江锦路站,2019-01-03,29976,2019-01-03,9,4,小雨,北风,微风
江陵路站,2019-01-03,74084,2019-01-03,9,4,小雨,北风,微风
沈塘桥站,2019-01-03,37907,2019-01-03,9,4,小雨,北风,微风
浦沿站,2019-01-03,12842,2019-01-03,9,4,小雨,北风,微风
湘湖站,2019-01-03,20846,2019-01-03,9,4,小雨,北风,微风
滨和路站,2019-01-03,26128,2019-01-03,9,4,小雨,北风,微风
滨康路站,2019-01-03,13431,2019-01-03,9,4,小雨,北风,微风
潘水站,2019-01-03,11600,2019-01-03,9,4,小雨,北风,微风
火车东站,2019-01-03,151975,2019-01-03,9,4,小雨,北风,微风
甬江路站,2019-01-03,6572,2019-01-03,9,4,小雨,北风,微风
白洋站,2019-01-03,10804,2019-01-03,9,4,小雨,北风,微风
盈丰路站,2019-01-03,23318,2019-01-03,9,4,小雨,北风,微风
翁梅站,2019-01-03,15384,2019-01-03,9,4,小雨,北风,微风
联庄站,2019-01-03,19619,2019-01-03,9,4,小雨,北风,微风
良渚站,2019-01-03,12126,2019-01-03,9,4,小雨,北风,微风
虾龙圩站,2019-01-03,20473,2019-01-03,9,4,小雨,北风,微风
西兴站,2019-01-03,36721,2019-01-03,9,4,小雨,北风,微风
西湖文化广场站,2019-01-03,50650,2019-01-03,9,4,小雨,北风,微风
近江站,2019-01-03,43814,2019-01-03,9,4,小雨,北风,微风
金家渡站,2019-01-03,22867,2019-01-03,9,4,小雨,北风,微风
金沙湖站,2019-01-03,42775,2019-01-03,9,4,小雨,北风,微风
钱江世纪城站,2019-01-03,24308,2019-01-03,9,4,小雨,北风,微风
钱江路站,2019-01-03,42101,2019-01-03,9,4,小雨,北风,微风
闸弄口站,2019-01-03,40372,2019-01-03,9,4,小雨,北风,微风
飞虹路站,2019-01-03,21375,2019-01-03,9,4,小雨,北风,微风
高沙路站,2019-01-03,20899,2019-01-03,9,4,小雨,北风,微风
龙翔桥站,2019-01-03,81175,2019-01-03,9,4,小雨,北风,微风
七堡站,2019-01-04,15401,2019-01-04,8,5,中雨,北风,微风
三坝站,2019-01-04,30710,2019-01-04,8,5,中雨,北风,微风
三墩站,2019-01-04,24011,2019-01-04,8,5,中雨,北风,微风
下沙江滨站,2019-01-04,18710,2019-01-04,8,5,中雨,北风,微风
下沙西站,2019-01-04,13694,2019-01-04,8,5,中雨,北风,微风
中医药大学站,2019-01-04,21597,2019-01-04,8,5,中雨,北风,微风
中河北路站,2019-01-04,27215,2019-01-04,8,5,中雨,北风,微风
丰潭路站,2019-01-04,33557,2019-01-04,8,5,中雨,北风,微风
临平站,2019-01-04,45646,2019-01-04,8,5,中雨,北风,微风
乔司南站,2019-01-04,9189,2019-01-04,8,5,中雨,北风,微风
乔司站,2019-01-04,18873,2019-01-04,8,5,中雨,北风,微风
九和路站,2019-01-04,35600,2019-01-04,8,5,中雨,北风,微风
九堡站,2019-01-04,20298,2019-01-04,8,5,中雨,北风,微风
云水站,2019-01-04,21343,2019-01-04,8,5,中雨,北风,微风
人民广场站,2019-01-04,25128,2019-01-04,8,5,中雨,北风,微风
人民路站,2019-01-04,21284,2019-01-04,8,5,中雨,北风,微风
余杭高铁站,2019-01-04,8797,2019-01-04,8,5,中雨,北风,微风
凤起路A站,2019-01-04,52406,2019-01-04,8,5,中雨,北风,微风
凤起路B站,2019-01-04,23151,2019-01-04,8,5,中雨,北风,微风
南星桥站,2019-01-04,25030,2019-01-04,8,5,中雨,北风,微风
南苑站,2019-01-04,16742,2019-01-04,8,5,中雨,北风,微风
古翠路站,2019-01-04,41786,2019-01-04,8,5,中雨,北风,微风
城星路站,2019-01-04,31613,2019-01-04,8,5,中雨,北风,微风
城站,2019-01-04,64176,2019-01-04,8,5,中雨,北风,微风
墩祥街站,2019-01-04,22860,2019-01-04,8,5,中雨,北风,微风
复兴路站,2019-01-04,8530,2019-01-04,8,5,中雨,北风,微风
婺江路站,2019-01-04,20144,2019-01-04,8,5,中雨,北风,微风
学院路站,2019-01-04,35560,2019-01-04,8,5,中雨,北风,微风
定安路站,2019-01-04,44629,2019-01-04,8,5,中雨,北风,微风
客运中心站,2019-01-04,50477,2019-01-04,8,5,中雨,北风,微风
市民中心站,2019-01-04,34182,2019-01-04,8,5,中雨,北风,微风
庆春广场站,2019-01-04,36454,2019-01-04,8,5,中雨,北风,微风
庆菱路站,2019-01-04,23841,2019-01-04,8,5,中雨,北风,微风
建国北路站,2019-01-04,31903,2019-01-04,8,5,中雨,北风,微风
建设一路站,2019-01-04,13349,2019-01-04,8,5,中雨,北风,微风
建设三路站,2019-01-04,20469,2019-01-04,8,5,中雨,北风,微风
彭埠站,2019-01-04,47705,2019-01-04,8,5,中雨,北风,微风
打铁关站,2019-01-04,45253,2019-01-04,8,5,中雨,北风,微风
振宁路站,2019-01-04,27189,2019-01-04,8,5,中雨,北风,微风
文新站,2019-01-04,30007,2019-01-04,8,5,中雨,北风,微风
文泽路站,2019-01-04,38941,2019-01-04,8,5,中雨,北风,微风
文海南路站,2019-01-04,36929,2019-01-04,8,5,中雨,北风,微风
新塘站,2019-01-04,12720,2019-01-04,8,5,中雨,北风,微风
新风站,2019-01-04,10482,2019-01-04,8,5,中雨,北风,微风
景芳站,2019-01-04,35967,2019-01-04,8,5,中雨,北风,微风
曹家桥站,2019-01-04,9131,2019-01-04,8,5,中雨,北风,微风
朝阳站,2019-01-04,15465,2019-01-04,8,5,中雨,北风,微风
杜甫村站,2019-01-04,16826,2019-01-04,8,5,中雨,北风,微风
杨家墩站,2019-01-04,12482,2019-01-04,8,5,中雨,北风,微风
杭发厂站,2019-01-04,21427,2019-01-04,8,5,中雨,北风,微风
武林广场站,2019-01-04,54283,2019-01-04,8,5,中雨,北风,微风
武林门站,2019-01-04,32357,2019-01-04,8,5,中雨,北风,微风
水澄桥站,2019-01-04,13755,2019-01-04,8,5,中雨,北风,微风
江锦路站,2019-01-04,32631,2019-01-04,8,5,中雨,北风,微风
江陵路站,2019-01-04,76143,2019-01-04,8,5,中雨,北风,微风
沈塘桥站,2019-01-04,40023,2019-01-04,8,5,中雨,北风,微风
浦沿站,2019-01-04,14181,2019-01-04,8,5,中雨,北风,微风
湘湖站,2019-01-04,20374,2019-01-04,8,5,中雨,北风,微风
滨和路站,2019-01-04,27992,2019-01-04,8,5,中雨,北风,微风
滨康路站,2019-01-04,13379,2019-01-04,8,5,中雨,北风,微风
潘水站,2019-01-04,12463,2019-01-04,8,5,中雨,北风,微风
火车东站,2019-01-04,180933,2019-01-04,8,5,中雨,北风,微风
甬江路站,2019-01-04,6805,2019-01-04,8,5,中雨,北风,微风
白洋站,2019-01-04,10882,2019-01-04,8,5,中雨,北风,微风
盈丰路站,2019-01-04,23993,2019-01-04,8,5,中雨,北风,微风
翁梅站,2019-01-04,14917,2019-01-04,8,5,中雨,北风,微风
联庄站,2019-01-04,20938,2019-01-04,8,5,中雨,北风,微风
良渚站,2019-01-04,12386,2019-01-04,8,5,中雨,北风,微风
虾龙圩站,2019-01-04,21862,2019-01-04,8,5,中雨,北风,微风
西兴站,2019-01-04,38742,2019-01-04,8,5,中雨,北风,微风
西湖文化广场站,2019-01-04,53291,2019-01-04,8,5,中雨,北风,微风
近江站,2019-01-04,44558,2019-01-04,8,5,中雨,北风,微风
金家渡站,2019-01-04,24177,2019-01-04,8,5,中雨,北风,微风
金沙湖站,2019-01-04,46317,2019-01-04,8,5,中雨,北风,微风
钱江世纪城站,2019-01-04,25665,2019-01-04,8,5,中雨,北风,微风
钱江路站,2019-01-04,43804,2019-01-04,8,5,中雨,北风,微风
闸弄口站,2019-01-04,42283,2019-01-04,8,5,中雨,北风,微风
飞虹路站,2019-01-04,21973,2019-01-04,8,5,中雨,北风,微风
高沙路站,2019-01-04,22200,2019-01-04,8,5,中雨,北风,微风
龙翔桥站,2019-01-04,81656,2019-01-04,8,5,中雨,北风,微风
七堡站,2019-01-05,10281,2019-01-05,6,3,中雨,北风,微风
三坝站,2019-01-05,25572,2019-01-05,6,3,中雨,北风,微风
三墩站,2019-01-05,18874,2019-01-05,6,3,中雨,北风,微风
下沙江滨站,2019-01-05,15911,2019-01-05,6,3,中雨,北风,微风
下沙西站,2019-01-05,10808,2019-01-05,6,3,中雨,北风,微风
中医药大学站,2019-01-05,17365,2019-01-05,6,3,中雨,北风,微风
中河北路站,2019-01-05,20071,2019-01-05,6,3,中雨,北风,微风
丰潭路站,2019-01-05,26590,2019-01-05,6,3,中雨,北风,微风
临平站,2019-01-05,37993,2019-01-05,6,3,中雨,北风,微风
乔司南站,2019-01-05,7663,2019-01-05,6,3,中雨,北风,微风
乔司站,2019-01-05,20458,2019-01-05,6,3,中雨,北风,微风
九和路站,2019-01-05,26082,2019-01-05,6,3,中雨,北风,微风
九堡站,2019-01-05,17828,2019-01-05,6,3,中雨,北风,微风
云水站,2019-01-05,18218,2019-01-05,6,3,中雨,北风,微风
人民广场站,2019-01-05,24960,2019-01-05,6,3,中雨,北风,微风
人民路站,2019-01-05,20109,2019-01-05,6,3,中雨,北风,微风
余杭高铁站,2019-01-05,6905,2019-01-05,6,3,中雨,北风,微风
凤起路A站,2019-01-05,55295,2019-01-05,6,3,中雨,北风,微风
凤起路B站,2019-01-05,23896,2019-01-05,6,3,中雨,北风,微风
南星桥站,2019-01-05,15464,2019-01-05,6,3,中雨,北风,微风
南苑站,2019-01-05,14486,2019-01-05,6,3,中雨,北风,微风
古翠路站,2019-01-05,28377,2019-01-05,6,3,中雨,北风,微风
城星路站,2019-01-05,12714,2019-01-05,6,3,中雨,北风,微风
城站,2019-01-05,52245,2019-01-05,6,3,中雨,北风,微风
墩祥街站,2019-01-05,18687,2019-01-05,6,3,中雨,北风,微风
复兴路站,2019-01-05,6883,2019-01-05,6,3,中雨,北风,微风
婺江路站,2019-01-05,17337,2019-01-05,6,3,中雨,北风,微风
学院路站,2019-01-05,26344,2019-01-05,6,3,中雨,北风,微风
定安路站,2019-01-05,46047,2019-01-05,6,3,中雨,北风,微风
客运中心站,2019-01-05,44706,2019-01-05,6,3,中雨,北风,微风
市民中心站,2019-01-05,33086,2019-01-05,6,3,中雨,北风,微风
庆春广场站,2019-01-05,25970,2019-01-05,6,3,中雨,北风,微风
庆菱路站,2019-01-05,18868,2019-01-05,6,3,中雨,北风,微风
建国北路站,2019-01-05,24202,2019-01-05,6,3,中雨,北风,微风
建设一路站,2019-01-05,9848,2019-01-05,6,3,中雨,北风,微风
建设三路站,2019-01-05,16665,2019-01-05,6,3,中雨,北风,微风
彭埠站,2019-01-05,35941,2019-01-05,6,3,中雨,北风,微风
打铁关站,2019-01-05,35069,2019-01-05,6,3,中雨,北风,微风
振宁路站,2019-01-05,22107,2019-01-05,6,3,中雨,北风,微风
文新站,2019-01-05,24136,2019-01-05,6,3,中雨,北风,微风
文泽路站,2019-01-05,37922,2019-01-05,6,3,中雨,北风,微风
文海南路站,2019-01-05,34124,2019-01-05,6,3,中雨,北风,微风
新塘站,2019-01-05,11806,2019-01-05,6,3,中雨,北风,微风
新风站,2019-01-05,7804,2019-01-05,6,3,中雨,北风,微风
景芳站,2019-01-05,29980,2019-01-05,6,3,中雨,北风,微风
曹家桥站,2019-01-05,7383,2019-01-05,6,3,中雨,北风,微风
朝阳站,2019-01-05,12245,2019-01-05,6,3,中雨,北风,微风
杜甫村站,2019-01-05,16187,2019-01-05,6,3,中雨,北风,微风
杨家墩站,2019-01-05,12477,2019-01-05,6,3,中雨,北风,微风
杭发厂站,2019-01-05,23340,2019-01-05,6,3,中雨,北风,微风
武林广场站,2019-01-05,51301,2019-01-05,6,3,中雨,北风,微风
武林门站,2019-01-05,22715,2019-01-05,6,3,中雨,北风,微风
水澄桥站,2019-01-05,10581,2019-01-05,6,3,中雨,北风,微风
江锦路站,2019-01-05,21896,2019-01-05,6,3,中雨,北风,微风
江陵路站,2019-01-05,49238,2019-01-05,6,3,中雨,北风,微风
沈塘桥站,2019-01-05,26900,2019-01-05,6,3,中雨,北风,微风
浦沿站,2019-01-05,12868,2019-01-05,6,3,中雨,北风,微风
湘湖站,2019-01-05,16402,2019-01-05,6,3,中雨,北风,微风
滨和路站,2019-01-05,21696,2019-01-05,6,3,中雨,北风,微风
滨康路站,2019-01-05,10736,2019-01-05,6,3,中雨,北风,微风
潘水站,2019-01-05,11075,2019-01-05,6,3,中雨,北风,微风
火车东站,2019-01-05,158429,2019-01-05,6,3,中雨,北风,微风
甬江路站,2019-01-05,5239,2019-01-05,6,3,中雨,北风,微风
白洋站,2019-01-05,9025,2019-01-05,6,3,中雨,北风,微风
盈丰路站,2019-01-05,15000,2019-01-05,6,3,中雨,北风,微风
翁梅站,2019-01-05,13864,2019-01-05,6,3,中雨,北风,微风
联庄站,2019-01-05,16555,2019-01-05,6,3,中雨,北风,微风
良渚站,2019-01-05,10546,2019-01-05,6,3,中雨,北风,微风
虾龙圩站,2019-01-05,19014,2019-01-05,6,3,中雨,北风,微风
西兴站,2019-01-05,26579,2019-01-05,6,3,中雨,北风,微风
西湖文化广场站,2019-01-05,39832,2019-01-05,6,3,中雨,北风,微风
近江站,2019-01-05,29698,2019-01-05,6,3,中雨,北风,微风
金家渡站,2019-01-05,20836,2019-01-05,6,3,中雨,北风,微风
金沙湖站,2019-01-05,44945,2019-01-05,6,3,中雨,北风,微风
钱江世纪城站,2019-01-05,18069,2019-01-05,6,3,中雨,北风,微风
钱江路站,2019-01-05,31478,2019-01-05,6,3,中雨,北风,微风
闸弄口站,2019-01-05,34600,2019-01-05,6,3,中雨,北风,微风
飞虹路站,2019-01-05,17687,2019-01-05,6,3,中雨,北风,微风
高沙路站,2019-01-05,20390,2019-01-05,6,3,中雨,北风,微风
龙翔桥站,2019-01-05,103312,2019-01-05,6,3,中雨,北风,微风
七堡站,2019-01-06,9502,2019-01-06,7,4,小雨,东风,微风
三坝站,2019-01-06,22194,2019-01-06,7,4,小雨,东风,微风
三墩站,2019-01-06,17442,2019-01-06,7,4,小雨,东风,微风
下沙江滨站,2019-01-06,15994,2019-01-06,7,4,小雨,东风,微风
下沙西站,2019-01-06,9357,2019-01-06,7,4,小雨,东风,微风
中医药大学站,2019-01-06,18174,2019-01-06,7,4,小雨,东风,微风
中河北路站,2019-01-06,18098,2019-01-06,7,4,小雨,东风,微风
丰潭路站,2019-01-06,24972,2019-01-06,7,4,小雨,东风,微风
临平站,2019-01-06,37809,2019-01-06,7,4,小雨,东风,微风
乔司南站,2019-01-06,6946,2019-01-06,7,4,小雨,东风,微风
乔司站,2019-01-06,21250,2019-01-06,7,4,小雨,东风,微风
九和路站,2019-01-06,21654,2019-01-06,7,4,小雨,东风,微风
九堡站,2019-01-06,16488,2019-01-06,7,4,小雨,东风,微风
云水站,2019-01-06,18437,2019-01-06,7,4,小雨,东风,微风
人民广场站,2019-01-06,23062,2019-01-06,7,4,小雨,东风,微风
人民路站,2019-01-06,19239,2019-01-06,7,4,小雨,东风,微风
余杭高铁站,2019-01-06,6743,2019-01-06,7,4,小雨,东风,微风
凤起路A站,2019-01-06,53662,2019-01-06,7,4,小雨,东风,微风
凤起路B站,2019-01-06,23204,2019-01-06,7,4,小雨,东风,微风
南星桥站,2019-01-06,13586,2019-01-06,7,4,小雨,东风,微风
南苑站,2019-01-06,13277,2019-01-06,7,4,小雨,东风,微风
古翠路站,2019-01-06,24890,2019-01-06,7,4,小雨,东风,微风
城星路站,2019-01-06,9625,2019-01-06,7,4,小雨,东风,微风
城站,2019-01-06,53783,2019-01-06,7,4,小雨,东风,微风
墩祥街站,2019-01-06,17801,2019-01-06,7,4,小雨,东风,微风
复兴路站,2019-01-06,6728,2019-01-06,7,4,小雨,东风,微风
婺江路站,2019-01-06,17945,2019-01-06,7,4,小雨,东风,微风
学院路站,2019-01-06,23833,2019-01-06,7,4,小雨,东风,微风
定安路站,2019-01-06,47980,2019-01-06,7,4,小雨,东风,微风
客运中心站,2019-01-06,45820,2019-01-06,7,4,小雨,东风,微风
市民中心站,2019-01-06,27183,2019-01-06,7,4,小雨,东风,微风
庆春广场站,2019-01-06,23133,2019-01-06,7,4,小雨,东风,微风
庆菱路站,2019-01-06,17480,2019-01-06,7,4,小雨,东风,微风
建国北路站,2019-01-06,21128,2019-01-06,7,4,小雨,东风,微风
建设一路站,2019-01-06,9303,2019-01-06,7,4,小雨,东风,微风
建设三路站,2019-01-06,15343,2019-01-06,7,4,小雨,东风,微风
彭埠站,2019-01-06,32568,2019-01-06,7,4,小雨,东风,微风
打铁关站,2019-01-06,32993,2019-01-06,7,4,小雨,东风,微风
振宁路站,2019-01-06,19530,2019-01-06,7,4,小雨,东风,微风
文新站,2019-01-06,22720,2019-01-06,7,4,小雨,东风,微风
文泽路站,2019-01-06,38397,2019-01-06,7,4,小雨,东风,微风
文海南路站,2019-01-06,32010,2019-01-06,7,4,小雨,东风,微风
新塘站,2019-01-06,10313,2019-01-06,7,4,小雨,东风,微风
新风站,2019-01-06,6301,2019-01-06,7,4,小雨,东风,微风
景芳站,2019-01-06,27297,2019-01-06,7,4,小雨,东风,微风
曹家桥站,2019-01-06,6732,2019-01-06,7,4,小雨,东风,微风
朝阳站,2019-01-06,12387,2019-01-06,7,4,小雨,东风,微风
杜甫村站,2019-01-06,16332,2019-01-06,7,4,小雨,东风,微风
杨家墩站,2019-01-06,12331,2019-01-06,7,4,小雨,东风,微风
杭发厂站,2019-01-06,22719,2019-01-06,7,4,小雨,东风,微风
武林广场站,2019-01-06,51833,2019-01-06,7,4,小雨,东风,微风
武林门站,2019-01-06,21866,2019-01-06,7,4,小雨,东风,微风
水澄桥站,2019-01-06,10626,2019-01-06,7,4,小雨,东风,微风
江锦路站,2019-01-06,18862,2019-01-06,7,4,小雨,东风,微风
江陵路站,2019-01-06,41031,2019-01-06,7,4,小雨,东风,微风
沈塘桥站,2019-01-06,24593,2019-01-06,7,4,小雨,东风,微风
浦沿站,2019-01-06,12749,2019-01-06,7,4,小雨,东风,微风
湘湖站,2019-01-06,17330,2019-01-06,7,4,小雨,东风,微风
滨和路站,2019-01-06,21711,2019-01-06,7,4,小雨,东风,微风
滨康路站,2019-01-06,10309,2019-01-06,7,4,小雨,东风,微风
潘水站,2019-01-06,10878,2019-01-06,7,4,小雨,东风,微风
火车东站,2019-01-06,179440,2019-01-06,7,4,小雨,东风,微风
甬江路站,2019-01-06,4839,2019-01-06,7,4,小雨,东风,微风
白洋站,2019-01-06,8722,2019-01-06,7,4,小雨,东风,微风
盈丰路站,2019-01-06,11560,2019-01-06,7,4,小雨,东风,微风
翁梅站,2019-01-06,14429,2019-01-06,7,4,小雨,东风,微风
联庄站,2019-01-06,15560,2019-01-06,7,4,小雨,东风,微风
良渚站,2019-01-06,11076,2019-01-06,7,4,小雨,东风,微风
虾龙圩站,2019-01-06,17140,2019-01-06,7,4,小雨,东风,微风
西兴站,2019-01-06,25237,2019-01-06,7,4,小雨,东风,微风
西湖文化广场站,2019-01-06,41528,2019-01-06,7,4,小雨,东风,微风
近江站,2019-01-06,26272,2019-01-06,7,4,小雨,东风,微风
金家渡站,2019-01-06,20560,2019-01-06,7,4,小雨,东风,微风
金沙湖站,2019-01-06,43754,2019-01-06,7,4,小雨,东风,微风
钱江世纪城站,2019-01-06,16749,2019-01-06,7,4,小雨,东风,微风
钱江路站,2019-01-06,27496,2019-01-06,7,4,小雨,东风,微风
闸弄口站,2019-01-06,33148,2019-01-06,7,4,小雨,东风,微风
飞虹路站,2019-01-06,16906,2019-01-06,7,4,小雨,东风,微风
高沙路站,2019-01-06,18583,2019-01-06,7,4,小雨,东风,微风
龙翔桥站,2019-01-06,107567,2019-01-06,7,4,小雨,东风,微风
七堡站,2019-01-07,14995,2019-01-07,8,5,小雨,北风,微风
三坝站,2019-01-07,28513,2019-01-07,8,5,小雨,北风,微风
三墩站,2019-01-07,22895,2019-01-07,8,5,小雨,北风,微风
下沙江滨站,2019-01-07,17928,2019-01-07,8,5,小雨,北风,微风
下沙西站,2019-01-07,13838,2019-01-07,8,5,小雨,北风,微风
中医药大学站,2019-01-07,19975,2019-01-07,8,5,小雨,北风,微风
中河北路站,2019-01-07,25647,2019-01-07,8,5,小雨,北风,微风
丰潭路站,2019-01-07,31585,2019-01-07,8,5,小雨,北风,微风
临平站,2019-01-07,44251,2019-01-07,8,5,小雨,北风,微风
乔司南站,2019-01-07,8396,2019-01-07,8,5,小雨,北风,微风
乔司站,2019-01-07,17838,2019-01-07,8,5,小雨,北风,微风
九和路站,2019-01-07,34998,2019-01-07,8,5,小雨,北风,微风
九堡站,2019-01-07,19811,2019-01-07,8,5,小雨,北风,微风
云水站,2019-01-07,18487,2019-01-07,8,5,小雨,北风,微风
人民广场站,2019-01-07,22148,2019-01-07,8,5,小雨,北风,微风
人民路站,2019-01-07,19787,2019-01-07,8,5,小雨,北风,微风
余杭高铁站,2019-01-07,8221,2019-01-07,8,5,小雨,北风,微风
凤起路A站,2019-01-07,47930,2019-01-07,8,5,小雨,北风,微风
凤起路B站,2019-01-07,21141,2019-01-07,8,5,小雨,北风,微风
南星桥站,2019-01-07,24112,2019-01-07,8,5,小雨,北风,微风
南苑站,2019-01-07,16058,2019-01-07,8,5,小雨,北风,微风
古翠路站,2019-01-07,39500,2019-01-07,8,5,小雨,北风,微风
城星路站,2019-01-07,31854,2019-01-07,8,5,小雨,北风,微风
城站,2019-01-07,61661,2019-01-07,8,5,小雨,北风,微风
墩祥街站,2019-01-07,21841,2019-01-07,8,5,小雨,北风,微风
复兴路站,2019-01-07,8008,2019-01-07,8,5,小雨,北风,微风
婺江路站,2019-01-07,18994,2019-01-07,8,5,小雨,北风,微风
学院路站,2019-01-07,32477,2019-01-07,8,5,小雨,北风,微风
定安路站,2019-01-07,40589,2019-01-07,8,5,小雨,北风,微风
客运中心站,2019-01-07,47911,2019-01-07,8,5,小雨,北风,微风
市民中心站,2019-01-07,29925,2019-01-07,8,5,小雨,北风,微风
庆春广场站,2019-01-07,34979,2019-01-07,8,5,小雨,北风,微风
庆菱路站,2019-01-07,22541,2019-01-07,8,5,小雨,北风,微风
建国北路站,2019-01-07,30835,2019-01-07,8,5,小雨,北风,微风
建设一路站,2019-01-07,13032,2019-01-07,8,5,小雨,北风,微风
建设三路站,2019-01-07,20055,2019-01-07,8,5,小雨,北风,微风
彭埠站,2019-01-07,45473,2019-01-07,8,5,小雨,北风,微风
打铁关站,2019-01-07,42600,2019-01-07,8,5,小雨,北风,微风
振宁路站,2019-01-07,25880,2019-01-07,8,5,小雨,北风,微风
文新站,2019-01-07,27624,2019-01-07,8,5,小雨,北风,微风
文泽路站,2019-01-07,32955,2019-01-07,8,5,小雨,北风,微风
文海南路站,2019-01-07,30328,2019-01-07,8,5,小雨,北风,微风
新塘站,2019-01-07,12617,2019-01-07,8,5,小雨,北风,微风
新风站,2019-01-07,9431,2019-01-07,8,5,小雨,北风,微风
景芳站,2019-01-07,31856,2019-01-07,8,5,小雨,北风,微风
曹家桥站,2019-01-07,8630,2019-01-07,8,5,小雨,北风,微风
朝阳站,2019-01-07,14393,2019-01-07,8,5,小雨,北风,微风
杜甫村站,2019-01-07,15845,2019-01-07,8,5,小雨,北风,微风
杨家墩站,2019-01-07,10905,2019-01-07,8,5,小雨,北风,微风
杭发厂站,2019-01-07,18423,2019-01-07,8,5,小雨,北风,微风
武林广场站,2019-01-07,47918,2019-01-07,8,5,小雨,北风,微风
武林门站,2019-01-07,31911,2019-01-07,8,5,小雨,北风,微风
水澄桥站,2019-01-07,12511,2019-01-07,8,5,小雨,北风,微风
江锦路站,2019-01-07,29913,2019-01-07,8,5,小雨,北风,微风
江陵路站,2019-01-07,73130,2019-01-07,8,5,小雨,北风,微风
沈塘桥站,2019-01-07,37687,2019-01-07,8,5,小雨,北风,微风
浦沿站,2019-01-07,12680,2019-01-07,8,5,小雨,北风,微风
湘湖站,2019-01-07,20238,2019-01-07,8,5,小雨,北风,微风
滨和路站,2019-01-07,26082,2019-01-07,8,5,小雨,北风,微风
滨康路站,2019-01-07,13293,2019-01-07,8,5,小雨,北风,微风
潘水站,2019-01-07,11361,2019-01-07,8,5,小雨,北风,微风
火车东站,2019-01-07,156647,2019-01-07,8,5,小雨,北风,微风
甬江路站,2019-01-07,6502,2019-01-07,8,5,小雨,北风,微风
白洋站,2019-01-07,10363,2019-01-07,8,5,小雨,北风,微风
盈丰路站,2019-01-07,22775,2019-01-07,8,5,小雨,北风,微风
翁梅站,2019-01-07,14561,2019-01-07,8,5,小雨,北风,微风
联庄站,2019-01-07,19315,2019-01-07,8,5,小雨,北风,微风
良渚站,2019-01-07,11956,2019-01-07,8,5,小雨,北风,微风
虾龙圩站,2019-01-07,19744,2019-01-07,8,5,小雨,北风,微风
西兴站,2019-01-07,37164,2019-01-07,8,5,小雨,北风,微风
西湖文化广场站,2019-01-07,50529,2019-01-07,8,5,小雨,北风,微风
近江站,2019-01-07,43050,2019-01-07,8,5,小雨,北风,微风
金家渡站,2019-01-07,22523,2019-01-07,8,5,小雨,北风,微风
金沙湖站,2019-01-07,41225,2019-01-07,8,5,小雨,北风,微风
钱江世纪城站,2019-01-07,24654,2019-01-07,8,5,小雨,北风,微风
钱江路站,2019-01-07,39819,2019-01-07,8,5,小雨,北风,微风
闸弄口站,2019-01-07,40837,2019-01-07,8,5,小雨,北风,微风
飞虹路站,2019-01-07,21005,2019-01-07,8,5,小雨,北风,微风
高沙路站,2019-01-07,19499,2019-01-07,8,5,小雨,北风,微风
龙翔桥站,2019-01-07,78826,2019-01-07,8,5,小雨,北风,微风
七堡站,2019-01-08,15667,2019-01-08,6,4,阴,东北风,微风
三坝站,2019-01-08,28937,2019-01-08,6,4,阴,东北风,微风
三墩站,2019-01-08,23358,2019-01-08,6,4,阴,东北风,微风
下沙江滨站,2019-01-08,17971,2019-01-08,6,4,阴,东北风,微风
下沙西站,2019-01-08,13921,2019-01-08,6,4,阴,东北风,微风
中医药大学站,2019-01-08,20240,2019-01-08,6,4,阴,东北风,微风
中河北路站,2019-01-08,25905,2019-01-08,6,4,阴,东北风,微风
丰潭路站,2019-01-08,31956,2019-01-08,6,4,阴,东北风,微风
临平站,2019-01-08,45267,2019-01-08,6,4,阴,东北风,微风
乔司南站,2019-01-08,8812,2019-01-08,6,4,阴,东北风,微风
乔司站,2019-01-08,18449,2019-01-08,6,4,阴,东北风,微风
九和路站,2019-01-08,35609,2019-01-08,6,4,阴,东北风,微风
九堡站,2019-01-08,20847,2019-01-08,6,4,阴,东北风,微风
云水站,2019-01-08,18732,2019-01-08,6,4,阴,东北风,微风
人民广场站,2019-01-08,24349,2019-01-08,6,4,阴,东北风,微风
人民路站,2019-01-08,20909,2019-01-08,6,4,阴,东北风,微风
余杭高铁站,2019-01-08,8213,2019-01-08,6,4,阴,东北风,微风
凤起路A站,2019-01-08,50152,2019-01-08,6,4,阴,东北风,微风
凤起路B站,2019-01-08,22172,2019-01-08,6,4,阴,东北风,微风
南星桥站,2019-01-08,23919,2019-01-08,6,4,阴,东北风,微风
南苑站,2019-01-08,16322,2019-01-08,6,4,阴,东北风,微风
古翠路站,2019-01-08,40303,2019-01-08,6,4,阴,东北风,微风
城星路站,2019-01-08,31486,2019-01-08,6,4,阴,东北风,微风
城站,2019-01-08,60445,2019-01-08,6,4,阴,东北风,微风
墩祥街站,2019-01-08,22527,2019-01-08,6,4,阴,东北风,微风
复兴路站,2019-01-08,8062,2019-01-08,6,4,阴,东北风,微风
婺江路站,2019-01-08,19423,2019-01-08,6,4,阴,东北风,微风
学院路站,2019-01-08,32999,2019-01-08,6,4,阴,东北风,微风
定安路站,2019-01-08,43671,2019-01-08,6,4,阴,东北风,微风
客运中心站,2019-01-08,48123,2019-01-08,6,4,阴,东北风,微风
市民中心站,2019-01-08,31595,2019-01-08,6,4,阴,东北风,微风
庆春广场站,2019-01-08,35444,2019-01-08,6,4,阴,东北风,微风
庆菱路站,2019-01-08,23079,2019-01-08,6,4,阴,东北风,微风
建国北路站,2019-01-08,31460,2019-01-08,6,4,阴,东北风,微风
建设一路站,2019-01-08,13259,2019-01-08,6,4,阴,东北风,微风
建设三路站,2019-01-08,20455,2019-01-08,6,4,阴,东北风,微风
彭埠站,2019-01-08,46258,2019-01-08,6,4,阴,东北风,微风
打铁关站,2019-01-08,44017,2019-01-08,6,4,阴,东北风,微风
振宁路站,2019-01-08,26157,2019-01-08,6,4,阴,东北风,微风
文新站,2019-01-08,28286,2019-01-08,6,4,阴,东北风,微风
文泽路站,2019-01-08,33629,2019-01-08,6,4,阴,东北风,微风
文海南路站,2019-01-08,31807,2019-01-08,6,4,阴,东北风,微风
新塘站,2019-01-08,13149,2019-01-08,6,4,阴,东北风,微风
新风站,2019-01-08,9735,2019-01-08,6,4,阴,东北风,微风
景芳站,2019-01-08,33623,2019-01-08,6,4,阴,东北风,微风
曹家桥站,2019-01-08,8969,2019-01-08,6,4,阴,东北风,微风
朝阳站,2019-01-08,14557,2019-01-08,6,4,阴,东北风,微风
杜甫村站,2019-01-08,17342,2019-01-08,6,4,阴,东北风,微风
杨家墩站,2019-01-08,11468,2019-01-08,6,4,阴,东北风,微风
杭发厂站,2019-01-08,19091,2019-01-08,6,4,阴,东北风,微风
武林广场站,2019-01-08,49285,2019-01-08,6,4,阴,东北风,微风
武林门站,2019-01-08,31954,2019-01-08,6,4,阴,东北风,微风
水澄桥站,2019-01-08,12690,2019-01-08,6,4,阴,东北风,微风
江锦路站,2019-01-08,30568,2019-01-08,6,4,阴,东北风,微风
江陵路站,2019-01-08,73435,2019-01-08,6,4,阴,东北风,微风
沈塘桥站,2019-01-08,38092,2019-01-08,6,4,阴,东北风,微风
浦沿站,2019-01-08,12892,2019-01-08,6,4,阴,东北风,微风
湘湖站,2019-01-08,20683,2019-01-08,6,4,阴,东北风,微风
滨和路站,2019-01-08,26575,2019-01-08,6,4,阴,东北风,微风
滨康路站,2019-01-08,13099,2019-01-08,6,4,阴,东北风,微风
潘水站,2019-01-08,11689,2019-01-08,6,4,阴,东北风,微风
火车东站,2019-01-08,153215,2019-01-08,6,4,阴,东北风,微风
甬江路站,2019-01-08,6425,2019-01-08,6,4,阴,东北风,微风
白洋站,2019-01-08,10783,2019-01-08,6,4,阴,东北风,微风
盈丰路站,2019-01-08,22907,2019-01-08,6,4,阴,东北风,微风
翁梅站,2019-01-08,15152,2019-01-08,6,4,阴,东北风,微风
联庄站,2019-01-08,19475,2019-01-08,6,4,阴,东北风,微风
良渚站,2019-01-08,12157,2019-01-08,6,4,阴,东北风,微风
虾龙圩站,2019-01-08,19678,2019-01-08,6,4,阴,东北风,微风
西兴站,2019-01-08,37182,2019-01-08,6,4,阴,东北风,微风
西湖文化广场站,2019-01-08,51676,2019-01-08,6,4,阴,东北风,微风
近江站,2019-01-08,44540,2019-01-08,6,4,阴,东北风,微风
金家渡站,2019-01-08,23225,2019-01-08,6,4,阴,东北风,微风
金沙湖站,2019-01-08,43418,2019-01-08,6,4,阴,东北风,微风
钱江世纪城站,2019-01-08,24641,2019-01-08,6,4,阴,东北风,微风
钱江路站,2019-01-08,39995,2019-01-08,6,4,阴,东北风,微风
闸弄口站,2019-01-08,41454,2019-01-08,6,4,阴,东北风,微风
飞虹路站,2019-01-08,21164,2019-01-08,6,4,阴,东北风,微风
高沙路站,2019-01-08,19917,2019-01-08,6,4,阴,东北风,微风
龙翔桥站,2019-01-08,84736,2019-01-08,6,4,阴,东北风,微风
七堡站,2019-01-09,15217,2019-01-09,6,6,小雨,北风,微风
三坝站,2019-01-09,28451,2019-01-09,6,6,小雨,北风,微风
三墩站,2019-01-09,23167,2019-01-09,6,6,小雨,北风,微风
下沙江滨站,2019-01-09,17716,2019-01-09,6,6,小雨,北风,微风
下沙西站,2019-01-09,13717,2019-01-09,6,6,小雨,北风,微风
中医药大学站,2019-01-09,20541,2019-01-09,6,6,小雨,北风,微风
中河北路站,2019-01-09,26174,2019-01-09,6,6,小雨,北风,微风
丰潭路站,2019-01-09,31575,2019-01-09,6,6,小雨,北风,微风
临平站,2019-01-09,44195,2019-01-09,6,6,小雨,北风,微风
乔司南站,2019-01-09,8624,2019-01-09,6,6,小雨,北风,微风
乔司站,2019-01-09,18145,2019-01-09,6,6,小雨,北风,微风
九和路站,2019-01-09,35046,2019-01-09,6,6,小雨,北风,微风
九堡站,2019-01-09,20184,2019-01-09,6,6,小雨,北风,微风
云水站,2019-01-09,18783,2019-01-09,6,6,小雨,北风,微风
人民广场站,2019-01-09,24151,2019-01-09,6,6,小雨,北风,微风
人民路站,2019-01-09,20663,2019-01-09,6,6,小雨,北风,微风
余杭高铁站,2019-01-09,8031,2019-01-09,6,6,小雨,北风,微风
凤起路A站,2019-01-09,49272,2019-01-09,6,6,小雨,北风,微风
凤起路B站,2019-01-09,21500,2019-01-09,6,6,小雨,北风,微风
南星桥站,2019-01-09,24293,2019-01-09,6,6,小雨,北风,微风
南苑站,2019-01-09,16031,2019-01-09,6,6,小雨,北风,微风
古翠路站,2019-01-09,39974,2019-01-09,6,6,小雨,北风,微风
城星路站,2019-01-09,31708,2019-01-09,6,6,小雨,北风,微风
城站,2019-01-09,60435,2019-01-09,6,6,小雨,北风,微风
墩祥街站,2019-01-09,22019,2019-01-09,6,6,小雨,北风,微风
复兴路站,2019-01-09,8197,2019-01-09,6,6,小雨,北风,微风
婺江路站,2019-01-09,19263,2019-01-09,6,6,小雨,北风,微风
学院路站,2019-01-09,32998,2019-01-09,6,6,小雨,北风,微风
定安路站,2019-01-09,42811,2019-01-09,6,6,小雨,北风,微风
客运中心站,2019-01-09,47744,2019-01-09,6,6,小雨,北风,微风
市民中心站,2019-01-09,32421,2019-01-09,6,6,小雨,北风,微风
庆春广场站,2019-01-09,36075,2019-01-09,6,6,小雨,北风,微风
庆菱路站,2019-01-09,23043,2019-01-09,6,6,小雨,北风,微风
建国北路站,2019-01-09,31907,2019-01-09,6,6,小雨,北风,微风
建设一路站,2019-01-09,12986,2019-01-09,6,6,小雨,北风,微风
建设三路站,2019-01-09,20237,2019-01-09,6,6,小雨,北风,微风
彭埠站,2019-01-09,45700,2019-01-09,6,6,小雨,北风,微风
打铁关站,2019-01-09,42825,2019-01-09,6,6,小雨,北风,微风
振宁路站,2019-01-09,25827,2019-01-09,6,6,小雨,北风,微风
文新站,2019-01-09,27382,2019-01-09,6,6,小雨,北风,微风
文泽路站,2019-01-09,32635,2019-01-09,6,6,小雨,北风,微风
文海南路站,2019-01-09,32798,2019-01-09,6,6,小雨,北风,微风
新塘站,2019-01-09,12575,2019-01-09,6,6,小雨,北风,微风
新风站,2019-01-09,9675,2019-01-09,6,6,小雨,北风,微风
景芳站,2019-01-09,34125,2019-01-09,6,6,小雨,北风,微风
曹家桥站,2019-01-09,8887,2019-01-09,6,6,小雨,北风,微风
朝阳站,2019-01-09,14294,2019-01-09,6,6,小雨,北风,微风
杜甫村站,2019-01-09,15520,2019-01-09,6,6,小雨,北风,微风
杨家墩站,2019-01-09,11803,2019-01-09,6,6,小雨,北风,微风
杭发厂站,2019-01-09,19091,2019-01-09,6,6,小雨,北风,微风
武林广场站,2019-01-09,49273,2019-01-09,6,6,小雨,北风,微风
武林门站,2019-01-09,32063,2019-01-09,6,6,小雨,北风,微风
水澄桥站,2019-01-09,12370,2019-01-09,6,6,小雨,北风,微风
江锦路站,2019-01-09,30486,2019-01-09,6,6,小雨,北风,微风
江陵路站,2019-01-09,71829,2019-01-09,6,6,小雨,北风,微风
沈塘桥站,2019-01-09,38921,2019-01-09,6,6,小雨,北风,微风
浦沿站,2019-01-09,12508,2019-01-09,6,6,小雨,北风,微风
湘湖站,2019-01-09,19853,2019-01-09,6,6,小雨,北风,微风
滨和路站,2019-01-09,26259,2019-01-09,6,6,小雨,北风,微风
滨康路站,2019-01-09,12874,2019-01-09,6,6,小雨,北风,微风
潘水站,2019-01-09,11450,2019-01-09,6,6,小雨,北风,微风
火车东站,2019-01-09,156112,2019-01-09,6,6,小雨,北风,微风
甬江路站,2019-01-09,6540,2019-01-09,6,6,小雨,北风,微风
白洋站,2019-01-09,10653,2019-01-09,6,6,小雨,北风,微风
盈丰路站,2019-01-09,23040,2019-01-09,6,6,小雨,北风,微风
翁梅站,2019-01-09,14474,2019-01-09,6,6,小雨,北风,微风
联庄站,2019-01-09,19239,2019-01-09,6,6,小雨,北风,微风
良渚站,2019-01-09,11528,2019-01-09,6,6,小雨,北风,微风
虾龙圩站,2019-01-09,19690,2019-01-09,6,6,小雨,北风,微风
西兴站,2019-01-09,36325,2019-01-09,6,6,小雨,北风,微风
西湖文化广场站,2019-01-09,50603,2019-01-09,6,6,小雨,北风,微风
近江站,2019-01-09,44516,2019-01-09,6,6,小雨,北风,微风
金家渡站,2019-01-09,22589,2019-01-09,6,6,小雨,北风,微风
金沙湖站,2019-01-09,42154,2019-01-09,6,6,小雨,北风,微风
钱江世纪城站,2019-01-09,24917,2019-01-09,6,6,小雨,北风,微风
钱江路站,2019-01-09,39950,2019-01-09,6,6,小雨,北风,微风
闸弄口站,2019-01-09,40306,2019-01-09,6,6,小雨,北风,微风
飞虹路站,2019-01-09,20962,2019-01-09,6,6,小雨,北风,微风
高沙路站,2019-01-09,19593,2019-01-09,6,6,小雨,北风,微风
龙翔桥站,2019-01-09,79955,2019-01-09,6,6,小雨,北风,微风
七堡站,2019-01-10,15816,2019-01-10,8,6,小雨,北风,微风
三坝站,2019-01-10,28671,2019-01-10,8,6,小雨,北风,微风
三墩站,2019-01-10,23129,2019-01-10,8,6,小雨,北风,微风
下沙江滨站,2019-01-10,17690,2019-01-10,8,6,小雨,北风,微风
下沙西站,2019-01-10,13668,2019-01-10,8,6,小雨,北风,微风
中医药大学站,2019-01-10,20125,2019-01-10,8,6,小雨,北风,微风
中河北路站,2019-01-10,25901,2019-01-10,8,6,小雨,北风,微风
丰潭路站,2019-01-10,31555,2019-01-10,8,6,小雨,北风,微风
临平站,2019-01-10,44345,2019-01-10,8,6,小雨,北风,微风
乔司南站,2019-01-10,8913,2019-01-10,8,6,小雨,北风,微风
乔司站,2019-01-10,18129,2019-01-10,8,6,小雨,北风,微风
九和路站,2019-01-10,35770,2019-01-10,8,6,小雨,北风,微风
九堡站,2019-01-10,19998,2019-01-10,8,6,小雨,北风,微风
云水站,2019-01-10,19518,2019-01-10,8,6,小雨,北风,微风
人民广场站,2019-01-10,23090,2019-01-10,8,6,小雨,北风,微风
人民路站,2019-01-10,20119,2019-01-10,8,6,小雨,北风,微风
余杭高铁站,2019-01-10,8067,2019-01-10,8,6,小雨,北风,微风
凤起路A站,2019-01-10,50195,2019-01-10,8,6,小雨,北风,微风
凤起路B站,2019-01-10,23064,2019-01-10,8,6,小雨,北风,微风
南星桥站,2019-01-10,24344,2019-01-10,8,6,小雨,北风,微风
南苑站,2019-01-10,16247,2019-01-10,8,6,小雨,北风,微风
古翠路站,2019-01-10,39834,2019-01-10,8,6,小雨,北风,微风
城星路站,2019-01-10,31548,2019-01-10,8,6,小雨,北风,微风
城站,2019-01-10,62897,2019-01-10,8,6,小雨,北风,微风
墩祥街站,2019-01-10,22928,2019-01-10,8,6,小雨,北风,微风
复兴路站,2019-01-10,8218,2019-01-10,8,6,小雨,北风,微风
婺江路站,2019-01-10,19295,2019-01-10,8,6,小雨,北风,微风
学院路站,2019-01-10,33103,2019-01-10,8,6,小雨,北风,微风
定安路站,2019-01-10,44598,2019-01-10,8,6,小雨,北风,微风
客运中心站,2019-01-10,48353,2019-01-10,8,6,小雨,北风,微风
市民中心站,2019-01-10,31353,2019-01-10,8,6,小雨,北风,微风
庆春广场站,2019-01-10,35444,2019-01-10,8,6,小雨,北风,微风
庆菱路站,2019-01-10,23274,2019-01-10,8,6,小雨,北风,微风
建国北路站,2019-01-10,32132,2019-01-10,8,6,小雨,北风,微风
建设一路站,2019-01-10,13264,2019-01-10,8,6,小雨,北风,微风
建设三路站,2019-01-10,19960,2019-01-10,8,6,小雨,北风,微风
彭埠站,2019-01-10,45681,2019-01-10,8,6,小雨,北风,微风
打铁关站,2019-01-10,42686,2019-01-10,8,6,小雨,北风,微风
振宁路站,2019-01-10,26117,2019-01-10,8,6,小雨,北风,微风
文新站,2019-01-10,27742,2019-01-10,8,6,小雨,北风,微风
文泽路站,2019-01-10,35108,2019-01-10,8,6,小雨,北风,微风
文海南路站,2019-01-10,36047,2019-01-10,8,6,小雨,北风,微风
新塘站,2019-01-10,13000,2019-01-10,8,6,小雨,北风,微风
新风站,2019-01-10,9782,2019-01-10,8,6,小雨,北风,微风
景芳站,2019-01-10,33991,2019-01-10,8,6,小雨,北风,微风
曹家桥站,2019-01-10,8893,2019-01-10,8,6,小雨,北风,微风
朝阳站,2019-01-10,14011,2019-01-10,8,6,小雨,北风,微风
杜甫村站,2019-01-10,15932,2019-01-10,8,6,小雨,北风,微风
杨家墩站,2019-01-10,12069,2019-01-10,8,6,小雨,北风,微风
杭发厂站,2019-01-10,19144,2019-01-10,8,6,小雨,北风,微风
武林广场站,2019-01-10,50748,2019-01-10,8,6,小雨,北风,微风
武林门站,2019-01-10,31854,2019-01-10,8,6,小雨,北风,微风
水澄桥站,2019-01-10,12731,2019-01-10,8,6,小雨,北风,微风
江锦路站,2019-01-10,30954,2019-01-10,8,6,小雨,北风,微风
江陵路站,2019-01-10,73041,2019-01-10,8,6,小雨,北风,微风
沈塘桥站,2019-01-10,40218,2019-01-10,8,6,小雨,北风,微风
浦沿站,2019-01-10,13147,2019-01-10,8,6,小雨,北风,微风
湘湖站,2019-01-10,20592,2019-01-10,8,6,小雨,北风,微风
滨和路站,2019-01-10,26216,2019-01-10,8,6,小雨,北风,微风
滨康路站,2019-01-10,13156,2019-01-10,8,6,小雨,北风,微风
潘水站,2019-01-10,11523,2019-01-10,8,6,小雨,北风,微风
火车东站,2019-01-10,161914,2019-01-10,8,6,小雨,北风,微风
甬江路站,2019-01-10,6704,2019-01-10,8,6,小雨,北风,微风
白洋站,2019-01-10,10476,2019-01-10,8,6,小雨,北风,微风
盈丰路站,2019-01-10,23491,2019-01-10,8,6,小雨,北风,微风
翁梅站,2019-01-10,14977,2019-01-10,8,6,小雨,北风,微风
联庄站,2019-01-10,19482,2019-01-10,8,6,小雨,北风,微风
良渚站,2019-01-10,11742,2019-01-10,8,6,小雨,北风,微风
虾龙圩站,2019-01-10,19909,2019-01-10,8,6,小雨,北风,微风
西兴站,2019-01-10,36369,2019-01-10,8,6,小雨,北风,微风
西湖文化广场站,2019-01-10,51478,2019-01-10,8,6,小雨,北风,微风
近江站,2019-01-10,44411,2019-01-10,8,6,小雨,北风,微风
金家渡站,2019-01-10,22465,2019-01-10,8,6,小雨,北风,微风
金沙湖站,2019-01-10,43956,2019-01-10,8,6,小雨,北风,微风
钱江世纪城站,2019-01-10,25620,2019-01-10,8,6,小雨,北风,微风
钱江路站,2019-01-10,40515,2019-01-10,8,6,小雨,北风,微风
闸弄口站,2019-01-10,40794,2019-01-10,8,6,小雨,北风,微风
飞虹路站,2019-01-10,20861,2019-01-10,8,6,小雨,北风,微风
高沙路站,2019-01-10,20231,2019-01-10,8,6,小雨,北风,微风
龙翔桥站,2019-01-10,83198,2019-01-10,8,6,小雨,北风,微风
七堡站,2019-01-11,15185,2019-01-11,8,5,中雨,西北风,微风
三坝站,2019-01-11,31126,2019-01-11,8,5,中雨,西北风,微风
三墩站,2019-01-11,24955,2019-01-11,8,5,中雨,西北风,微风
下沙江滨站,2019-01-11,19223,2019-01-11,8,5,中雨,西北风,微风
下沙西站,2019-01-11,13636,2019-01-11,8,5,中雨,西北风,微风
中医药大学站,2019-01-11,22611,2019-01-11,8,5,中雨,西北风,微风
中河北路站,2019-01-11,26693,2019-01-11,8,5,中雨,西北风,微风
丰潭路站,2019-01-11,34278,2019-01-11,8,5,中雨,西北风,微风
临平站,2019-01-11,47125,2019-01-11,8,5,中雨,西北风,微风
乔司南站,2019-01-11,9159,2019-01-11,8,5,中雨,西北风,微风
乔司站,2019-01-11,18985,2019-01-11,8,5,中雨,西北风,微风
九和路站,2019-01-11,35896,2019-01-11,8,5,中雨,西北风,微风
九堡站,2019-01-11,20532,2019-01-11,8,5,中雨,西北风,微风
云水站,2019-01-11,22159,2019-01-11,8,5,中雨,西北风,微风
人民广场站,2019-01-11,25499,2019-01-11,8,5,中雨,西北风,微风
人民路站,2019-01-11,21597,2019-01-11,8,5,中雨,西北风,微风
余杭高铁站,2019-01-11,8915,2019-01-11,8,5,中雨,西北风,微风
凤起路A站,2019-01-11,55603,2019-01-11,8,5,中雨,西北风,微风
凤起路B站,2019-01-11,24810,2019-01-11,8,5,中雨,西北风,微风
南星桥站,2019-01-11,24974,2019-01-11,8,5,中雨,西北风,微风
南苑站,2019-01-11,16684,2019-01-11,8,5,中雨,西北风,微风
古翠路站,2019-01-11,42923,2019-01-11,8,5,中雨,西北风,微风
城星路站,2019-01-11,31533,2019-01-11,8,5,中雨,西北风,微风
城站,2019-01-11,67629,2019-01-11,8,5,中雨,西北风,微风
墩祥街站,2019-01-11,23328,2019-01-11,8,5,中雨,西北风,微风
复兴路站,2019-01-11,8793,2019-01-11,8,5,中雨,西北风,微风
婺江路站,2019-01-11,20757,2019-01-11,8,5,中雨,西北风,微风
学院路站,2019-01-11,35960,2019-01-11,8,5,中雨,西北风,微风
定安路站,2019-01-11,46540,2019-01-11,8,5,中雨,西北风,微风
客运中心站,2019-01-11,51313,2019-01-11,8,5,中雨,西北风,微风
市民中心站,2019-01-11,33719,2019-01-11,8,5,中雨,西北风,微风
庆春广场站,2019-01-11,36581,2019-01-11,8,5,中雨,西北风,微风
庆菱路站,2019-01-11,24542,2019-01-11,8,5,中雨,西北风,微风
建国北路站,2019-01-11,33168,2019-01-11,8,5,中雨,西北风,微风
建设一路站,2019-01-11,13589,2019-01-11,8,5,中雨,西北风,微风
建设三路站,2019-01-11,21533,2019-01-11,8,5,中雨,西北风,微风
彭埠站,2019-01-11,47535,2019-01-11,8,5,中雨,西北风,微风
打铁关站,2019-01-11,46108,2019-01-11,8,5,中雨,西北风,微风
振宁路站,2019-01-11,26748,2019-01-11,8,5,中雨,西北风,微风
文新站,2019-01-11,30864,2019-01-11,8,5,中雨,西北风,微风
文泽路站,2019-01-11,40479,2019-01-11,8,5,中雨,西北风,微风
文海南路站,2019-01-11,39819,2019-01-11,8,5,中雨,西北风,微风
新塘站,2019-01-11,13085,2019-01-11,8,5,中雨,西北风,微风
新风站,2019-01-11,9938,2019-01-11,8,5,中雨,西北风,微风
景芳站,2019-01-11,37171,2019-01-11,8,5,中雨,西北风,微风
曹家桥站,2019-01-11,9401,2019-01-11,8,5,中雨,西北风,微风
朝阳站,2019-01-11,15720,2019-01-11,8,5,中雨,西北风,微风
杜甫村站,2019-01-11,17536,2019-01-11,8,5,中雨,西北风,微风
杨家墩站,2019-01-11,12478,2019-01-11,8,5,中雨,西北风,微风
杭发厂站,2019-01-11,21873,2019-01-11,8,5,中雨,西北风,微风
武林广场站,2019-01-11,57568,2019-01-11,8,5,中雨,西北风,微风
武林门站,2019-01-11,33802,2019-01-11,8,5,中雨,西北风,微风
水澄桥站,2019-01-11,14113,2019-01-11,8,5,中雨,西北风,微风
江锦路站,2019-01-11,32901,2019-01-11,8,5,中雨,西北风,微风
江陵路站,2019-01-11,76661,2019-01-11,8,5,中雨,西北风,微风
沈塘桥站,2019-01-11,41024,2019-01-11,8,5,中雨,西北风,微风
浦沿站,2019-01-11,14971,2019-01-11,8,5,中雨,西北风,微风
湘湖站,2019-01-11,21146,2019-01-11,8,5,中雨,西北风,微风
滨和路站,2019-01-11,28126,2019-01-11,8,5,中雨,西北风,微风
滨康路站,2019-01-11,13389,2019-01-11,8,5,中雨,西北风,微风
潘水站,2019-01-11,12620,2019-01-11,8,5,中雨,西北风,微风
火车东站,2019-01-11,206355,2019-01-11,8,5,中雨,西北风,微风
甬江路站,2019-01-11,7187,2019-01-11,8,5,中雨,西北风,微风
白洋站,2019-01-11,11978,2019-01-11,8,5,中雨,西北风,微风
盈丰路站,2019-01-11,23640,2019-01-11,8,5,中雨,西北风,微风
翁梅站,2019-01-11,14777,2019-01-11,8,5,中雨,西北风,微风
联庄站,2019-01-11,21351,2019-01-11,8,5,中雨,西北风,微风
良渚站,2019-01-11,12887,2019-01-11,8,5,中雨,西北风,微风
虾龙圩站,2019-01-11,21914,2019-01-11,8,5,中雨,西北风,微风
西兴站,2019-01-11,39434,2019-01-11,8,5,中雨,西北风,微风
西湖文化广场站,2019-01-11,55530,2019-01-11,8,5,中雨,西北风,微风
近江站,2019-01-11,45840,2019-01-11,8,5,中雨,西北风,微风
金家渡站,2019-01-11,24959,2019-01-11,8,5,中雨,西北风,微风
金沙湖站,2019-01-11,46559,2019-01-11,8,5,中雨,西北风,微风
钱江世纪城站,2019-01-11,25766,2019-01-11,8,5,中雨,西北风,微风
钱江路站,2019-01-11,42358,2019-01-11,8,5,中雨,西北风,微风
闸弄口站,2019-01-11,42352,2019-01-11,8,5,中雨,西北风,微风
飞虹路站,2019-01-11,21763,2019-01-11,8,5,中雨,西北风,微风
高沙路站,2019-01-11,21957,2019-01-11,8,5,中雨,西北风,微风
龙翔桥站,2019-01-11,88624,2019-01-11,8,5,中雨,西北风,微风
七堡站,2019-01-12,10028,2019-01-12,8,2,阴,北风,微风
三坝站,2019-01-12,26559,2019-01-12,8,2,阴,北风,微风
三墩站,2019-01-12,20059,2019-01-12,8,2,阴,北风,微风
下沙江滨站,2019-01-12,17391,2019-01-12,8,2,阴,北风,微风
下沙西站,2019-01-12,10917,2019-01-12,8,2,阴,北风,微风
中医药大学站,2019-01-12,18648,2019-01-12,8,2,阴,北风,微风
中河北路站,2019-01-12,20936,2019-01-12,8,2,阴,北风,微风
丰潭路站,2019-01-12,28652,2019-01-12,8,2,阴,北风,微风
临平站,2019-01-12,40765,2019-01-12,8,2,阴,北风,微风
乔司南站,2019-01-12,8053,2019-01-12,8,2,阴,北风,微风
乔司站,2019-01-12,22273,2019-01-12,8,2,阴,北风,微风
九和路站,2019-01-12,26842,2019-01-12,8,2,阴,北风,微风
九堡站,2019-01-12,18902,2019-01-12,8,2,阴,北风,微风
云水站,2019-01-12,20076,2019-01-12,8,2,阴,北风,微风
人民广场站,2019-01-12,25722,2019-01-12,8,2,阴,北风,微风
人民路站,2019-01-12,20785,2019-01-12,8,2,阴,北风,微风
余杭高铁站,2019-01-12,7083,2019-01-12,8,2,阴,北风,微风
凤起路A站,2019-01-12,63067,2019-01-12,8,2,阴,北风,微风
凤起路B站,2019-01-12,27491,2019-01-12,8,2,阴,北风,微风
南星桥站,2019-01-12,15268,2019-01-12,8,2,阴,北风,微风
南苑站,2019-01-12,14377,2019-01-12,8,2,阴,北风,微风
古翠路站,2019-01-12,29486,2019-01-12,8,2,阴,北风,微风
城星路站,2019-01-12,12064,2019-01-12,8,2,阴,北风,微风
城站,2019-01-12,59899,2019-01-12,8,2,阴,北风,微风
墩祥街站,2019-01-12,20280,2019-01-12,8,2,阴,北风,微风
复兴路站,2019-01-12,7077,2019-01-12,8,2,阴,北风,微风
婺江路站,2019-01-12,19348,2019-01-12,8,2,阴,北风,微风
学院路站,2019-01-12,27140,2019-01-12,8,2,阴,北风,微风
定安路站,2019-01-12,53969,2019-01-12,8,2,阴,北风,微风
客运中心站,2019-01-12,47801,2019-01-12,8,2,阴,北风,微风
市民中心站,2019-01-12,27168,2019-01-12,8,2,阴,北风,微风
庆春广场站,2019-01-12,26947,2019-01-12,8,2,阴,北风,微风
庆菱路站,2019-01-12,19930,2019-01-12,8,2,阴,北风,微风
建国北路站,2019-01-12,24605,2019-01-12,8,2,阴,北风,微风
建设一路站,2019-01-12,10321,2019-01-12,8,2,阴,北风,微风
建设三路站,2019-01-12,17316,2019-01-12,8,2,阴,北风,微风
彭埠站,2019-01-12,37850,2019-01-12,8,2,阴,北风,微风
打铁关站,2019-01-12,36308,2019-01-12,8,2,阴,北风,微风
振宁路站,2019-01-12,22345,2019-01-12,8,2,阴,北风,微风
文新站,2019-01-12,25353,2019-01-12,8,2,阴,北风,微风
文泽路站,2019-01-12,42735,2019-01-12,8,2,阴,北风,微风
文海南路站,2019-01-12,36950,2019-01-12,8,2,阴,北风,微风
新塘站,2019-01-12,10775,2019-01-12,8,2,阴,北风,微风
新风站,2019-01-12,7475,2019-01-12,8,2,阴,北风,微风
景芳站,2019-01-12,30882,2019-01-12,8,2,阴,北风,微风
曹家桥站,2019-01-12,7795,2019-01-12,8,2,阴,北风,微风
朝阳站,2019-01-12,13767,2019-01-12,8,2,阴,北风,微风
杜甫村站,2019-01-12,17037,2019-01-12,8,2,阴,北风,微风
杨家墩站,2019-01-12,13309,2019-01-12,8,2,阴,北风,微风
杭发厂站,2019-01-12,24972,2019-01-12,8,2,阴,北风,微风
武林广场站,2019-01-12,55956,2019-01-12,8,2,阴,北风,微风
武林门站,2019-01-12,23892,2019-01-12,8,2,阴,北风,微风
水澄桥站,2019-01-12,11507,2019-01-12,8,2,阴,北风,微风
江锦路站,2019-01-12,22451,2019-01-12,8,2,阴,北风,微风
江陵路站,2019-01-12,50517,2019-01-12,8,2,阴,北风,微风
沈塘桥站,2019-01-12,28284,2019-01-12,8,2,阴,北风,微风
浦沿站,2019-01-12,12596,2019-01-12,8,2,阴,北风,微风
湘湖站,2019-01-12,18002,2019-01-12,8,2,阴,北风,微风
滨和路站,2019-01-12,23280,2019-01-12,8,2,阴,北风,微风
滨康路站,2019-01-12,11439,2019-01-12,8,2,阴,北风,微风
潘水站,2019-01-12,11605,2019-01-12,8,2,阴,北风,微风
火车东站,2019-01-12,185322,2019-01-12,8,2,阴,北风,微风
甬江路站,2019-01-12,5556,2019-01-12,8,2,阴,北风,微风
白洋站,2019-01-12,9713,2019-01-12,8,2,阴,北风,微风
盈丰路站,2019-01-12,15309,2019-01-12,8,2,阴,北风,微风
翁梅站,2019-01-12,14914,2019-01-12,8,2,阴,北风,微风
联庄站,2019-01-12,17699,2019-01-12,8,2,阴,北风,微风
良渚站,2019-01-12,11415,2019-01-12,8,2,阴,北风,微风
虾龙圩站,2019-01-12,19049,2019-01-12,8,2,阴,北风,微风
西兴站,2019-01-12,29566,2019-01-12,8,2,阴,北风,微风
西湖文化广场站,2019-01-12,46302,2019-01-12,8,2,阴,北风,微风
近江站,2019-01-12,30703,2019-01-12,8,2,阴,北风,微风
金家渡站,2019-01-12,22049,2019-01-12,8,2,阴,北风,微风
金沙湖站,2019-01-12,47201,2019-01-12,8,2,阴,北风,微风
钱江世纪城站,2019-01-12,18127,2019-01-12,8,2,阴,北风,微风
钱江路站,2019-01-12,31412,2019-01-12,8,2,阴,北风,微风
闸弄口站,2019-01-12,36522,2019-01-12,8,2,阴,北风,微风
飞虹路站,2019-01-12,18473,2019-01-12,8,2,阴,北风,微风
高沙路站,2019-01-12,20898,2019-01-12,8,2,阴,北风,微风
龙翔桥站,2019-01-12,123900,2019-01-12,8,2,阴,北风,微风
七堡站,2019-01-13,9415,2019-01-13,8,2,晴,北风,微风
三坝站,2019-01-13,23406,2019-01-13,8,2,晴,北风,微风
三墩站,2019-01-13,18694,2019-01-13,8,2,晴,北风,微风
下沙江滨站,2019-01-13,16656,2019-01-13,8,2,晴,北风,微风
下沙西站,2019-01-13,9798,2019-01-13,8,2,晴,北风,微风
中医药大学站,2019-01-13,17934,2019-01-13,8,2,晴,北风,微风
中河北路站,2019-01-13,18742,2019-01-13,8,2,晴,北风,微风
丰潭路站,2019-01-13,26628,2019-01-13,8,2,晴,北风,微风
临平站,2019-01-13,40690,2019-01-13,8,2,晴,北风,微风
乔司南站,2019-01-13,7333,2019-01-13,8,2,晴,北风,微风
乔司站,2019-01-13,23036,2019-01-13,8,2,晴,北风,微风
九和路站,2019-01-13,23257,2019-01-13,8,2,晴,北风,微风
九堡站,2019-01-13,18338,2019-01-13,8,2,晴,北风,微风
云水站,2019-01-13,18722,2019-01-13,8,2,晴,北风,微风
人民广场站,2019-01-13,23740,2019-01-13,8,2,晴,北风,微风
人民路站,2019-01-13,19801,2019-01-13,8,2,晴,北风,微风
余杭高铁站,2019-01-13,7218,2019-01-13,8,2,晴,北风,微风
凤起路A站,2019-01-13,59780,2019-01-13,8,2,晴,北风,微风
凤起路B站,2019-01-13,25621,2019-01-13,8,2,晴,北风,微风
南星桥站,2019-01-13,14077,2019-01-13,8,2,晴,北风,微风
南苑站,2019-01-13,13596,2019-01-13,8,2,晴,北风,微风
古翠路站,2019-01-13,25634,2019-01-13,8,2,晴,北风,微风
城星路站,2019-01-13,9693,2019-01-13,8,2,晴,北风,微风
城站,2019-01-13,62115,2019-01-13,8,2,晴,北风,微风
墩祥街站,2019-01-13,18768,2019-01-13,8,2,晴,北风,微风
复兴路站,2019-01-13,6652,2019-01-13,8,2,晴,北风,微风
婺江路站,2019-01-13,18785,2019-01-13,8,2,晴,北风,微风
学院路站,2019-01-13,24300,2019-01-13,8,2,晴,北风,微风
定安路站,2019-01-13,52003,2019-01-13,8,2,晴,北风,微风
客运中心站,2019-01-13,48155,2019-01-13,8,2,晴,北风,微风
市民中心站,2019-01-13,26349,2019-01-13,8,2,晴,北风,微风
庆春广场站,2019-01-13,24477,2019-01-13,8,2,晴,北风,微风
庆菱路站,2019-01-13,18497,2019-01-13,8,2,晴,北风,微风
建国北路站,2019-01-13,21646,2019-01-13,8,2,晴,北风,微风
建设一路站,2019-01-13,9986,2019-01-13,8,2,晴,北风,微风
建设三路站,2019-01-13,16446,2019-01-13,8,2,晴,北风,微风
彭埠站,2019-01-13,34003,2019-01-13,8,2,晴,北风,微风
打铁关站,2019-01-13,34614,2019-01-13,8,2,晴,北风,微风
振宁路站,2019-01-13,20650,2019-01-13,8,2,晴,北风,微风
文新站,2019-01-13,24172,2019-01-13,8,2,晴,北风,微风
文泽路站,2019-01-13,39253,2019-01-13,8,2,晴,北风,微风
文海南路站,2019-01-13,29936,2019-01-13,8,2,晴,北风,微风
新塘站,2019-01-13,9969,2019-01-13,8,2,晴,北风,微风
新风站,2019-01-13,6527,2019-01-13,8,2,晴,北风,微风
景芳站,2019-01-13,27991,2019-01-13,8,2,晴,北风,微风
曹家桥站,2019-01-13,7256,2019-01-13,8,2,晴,北风,微风
朝阳站,2019-01-13,13445,2019-01-13,8,2,晴,北风,微风
杜甫村站,2019-01-13,17048,2019-01-13,8,2,晴,北风,微风
杨家墩站,2019-01-13,12738,2019-01-13,8,2,晴,北风,微风
杭发厂站,2019-01-13,24818,2019-01-13,8,2,晴,北风,微风
武林广场站,2019-01-13,52976,2019-01-13,8,2,晴,北风,微风
武林门站,2019-01-13,21749,2019-01-13,8,2,晴,北风,微风
水澄桥站,2019-01-13,12119,2019-01-13,8,2,晴,北风,微风
江锦路站,2019-01-13,19867,2019-01-13,8,2,晴,北风,微风
江陵路站,2019-01-13,42474,2019-01-13,8,2,晴,北风,微风
沈塘桥站,2019-01-13,25256,2019-01-13,8,2,晴,北风,微风
浦沿站,2019-01-13,12775,2019-01-13,8,2,晴,北风,微风
湘湖站,2019-01-13,18782,2019-01-13,8,2,晴,北风,微风
滨和路站,2019-01-13,23050,2019-01-13,8,2,晴,北风,微风
滨康路站,2019-01-13,11328,2019-01-13,8,2,晴,北风,微风
潘水站,2019-01-13,11797,2019-01-13,8,2,晴,北风,微风
火车东站,2019-01-13,200618,2019-01-13,8,2,晴,北风,微风
甬江路站,2019-01-13,4923,2019-01-13,8,2,晴,北风,微风
白洋站,2019-01-13,9437,2019-01-13,8,2,晴,北风,微风
盈丰路站,2019-01-13,12035,2019-01-13,8,2,晴,北风,微风
翁梅站,2019-01-13,15935,2019-01-13,8,2,晴,北风,微风
联庄站,2019-01-13,16559,2019-01-13,8,2,晴,北风,微风
良渚站,2019-01-13,11859,2019-01-13,8,2,晴,北风,微风
虾龙圩站,2019-01-13,17840,2019-01-13,8,2,晴,北风,微风
西兴站,2019-01-13,27259,2019-01-13,8,2,晴,北风,微风
西湖文化广场站,2019-01-13,43386,2019-01-13,8,2,晴,北风,微风
近江站,2019-01-13,26803,2019-01-13,8,2,晴,北风,微风
金家渡站,2019-01-13,21247,2019-01-13,8,2,晴,北风,微风
金沙湖站,2019-01-13,43861,2019-01-13,8,2,晴,北风,微风
钱江世纪城站,2019-01-13,16163,2019-01-13,8,2,晴,北风,微风
钱江路站,2019-01-13,27954,2019-01-13,8,2,晴,北风,微风
闸弄口站,2019-01-13,34397,2019-01-13,8,2,晴,北风,微风
飞虹路站,2019-01-13,17072,2019-01-13,8,2,晴,北风,微风
高沙路站,2019-01-13,19349,2019-01-13,8,2,晴,北风,微风
龙翔桥站,2019-01-13,121985,2019-01-13,8,2,晴,北风,微风
七堡站,2019-01-14,15376,2019-01-14,8,4,小雨,东风,微风
三坝站,2019-01-14,29219,2019-01-14,8,4,小雨,东风,微风
三墩站,2019-01-14,24522,2019-01-14,8,4,小雨,东风,微风
下沙江滨站,2019-01-14,18525,2019-01-14,8,4,小雨,东风,微风
下沙西站,2019-01-14,14078,2019-01-14,8,4,小雨,东风,微风
中医药大学站,2019-01-14,20884,2019-01-14,8,4,小雨,东风,微风
中河北路站,2019-01-14,26527,2019-01-14,8,4,小雨,东风,微风
丰潭路站,2019-01-14,33092,2019-01-14,8,4,小雨,东风,微风
临平站,2019-01-14,47404,2019-01-14,8,4,小雨,东风,微风
乔司南站,2019-01-14,9099,2019-01-14,8,4,小雨,东风,微风
乔司站,2019-01-14,19770,2019-01-14,8,4,小雨,东风,微风
九和路站,2019-01-14,36357,2019-01-14,8,4,小雨,东风,微风
九堡站,2019-01-14,20611,2019-01-14,8,4,小雨,东风,微风
云水站,2019-01-14,20495,2019-01-14,8,4,小雨,东风,微风
人民广场站,2019-01-14,24136,2019-01-14,8,4,小雨,东风,微风
人民路站,2019-01-14,21247,2019-01-14,8,4,小雨,东风,微风
余杭高铁站,2019-01-14,8696,2019-01-14,8,4,小雨,东风,微风
凤起路A站,2019-01-14,53706,2019-01-14,8,4,小雨,东风,微风
凤起路B站,2019-01-14,23654,2019-01-14,8,4,小雨,东风,微风
南星桥站,2019-01-14,24824,2019-01-14,8,4,小雨,东风,微风
南苑站,2019-01-14,16578,2019-01-14,8,4,小雨,东风,微风
古翠路站,2019-01-14,40942,2019-01-14,8,4,小雨,东风,微风
城星路站,2019-01-14,31891,2019-01-14,8,4,小雨,东风,微风
城站,2019-01-14,67956,2019-01-14,8,4,小雨,东风,微风
墩祥街站,2019-01-14,23114,2019-01-14,8,4,小雨,东风,微风
复兴路站,2019-01-14,8248,2019-01-14,8,4,小雨,东风,微风
婺江路站,2019-01-14,20443,2019-01-14,8,4,小雨,东风,微风
学院路站,2019-01-14,33743,2019-01-14,8,4,小雨,东风,微风
定安路站,2019-01-14,45822,2019-01-14,8,4,小雨,东风,微风
客运中心站,2019-01-14,50983,2019-01-14,8,4,小雨,东风,微风
市民中心站,2019-01-14,31238,2019-01-14,8,4,小雨,东风,微风
庆春广场站,2019-01-14,35826,2019-01-14,8,4,小雨,东风,微风
庆菱路站,2019-01-14,24029,2019-01-14,8,4,小雨,东风,微风
建国北路站,2019-01-14,31824,2019-01-14,8,4,小雨,东风,微风
建设一路站,2019-01-14,13909,2019-01-14,8,4,小雨,东风,微风
建设三路站,2019-01-14,21241,2019-01-14,8,4,小雨,东风,微风
彭埠站,2019-01-14,47448,2019-01-14,8,4,小雨,东风,微风
打铁关站,2019-01-14,45701,2019-01-14,8,4,小雨,东风,微风
振宁路站,2019-01-14,26625,2019-01-14,8,4,小雨,东风,微风
文新站,2019-01-14,28538,2019-01-14,8,4,小雨,东风,微风
文泽路站,2019-01-14,36409,2019-01-14,8,4,小雨,东风,微风
文海南路站,2019-01-14,31375,2019-01-14,8,4,小雨,东风,微风
新塘站,2019-01-14,12607,2019-01-14,8,4,小雨,东风,微风
新风站,2019-01-14,9867,2019-01-14,8,4,小雨,东风,微风
景芳站,2019-01-14,33236,2019-01-14,8,4,小雨,东风,微风
曹家桥站,2019-01-14,9173,2019-01-14,8,4,小雨,东风,微风
朝阳站,2019-01-14,16096,2019-01-14,8,4,小雨,东风,微风
杜甫村站,2019-01-14,16971,2019-01-14,8,4,小雨,东风,微风
杨家墩站,2019-01-14,11752,2019-01-14,8,4,小雨,东风,微风
杭发厂站,2019-01-14,20560,2019-01-14,8,4,小雨,东风,微风
武林广场站,2019-01-14,52202,2019-01-14,8,4,小雨,东风,微风
武林门站,2019-01-14,32725,2019-01-14,8,4,小雨,东风,微风
水澄桥站,2019-01-14,13607,2019-01-14,8,4,小雨,东风,微风
江锦路站,2019-01-14,30977,2019-01-14,8,4,小雨,东风,微风
江陵路站,2019-01-14,75847,2019-01-14,8,4,小雨,东风,微风
沈塘桥站,2019-01-14,39406,2019-01-14,8,4,小雨,东风,微风
浦沿站,2019-01-14,13065,2019-01-14,8,4,小雨,东风,微风
湘湖站,2019-01-14,21665,2019-01-14,8,4,小雨,东风,微风
滨和路站,2019-01-14,27061,2019-01-14,8,4,小雨,东风,微风
滨康路站,2019-01-14,13748,2019-01-14,8,4,小雨,东风,微风
潘水站,2019-01-14,12430,2019-01-14,8,4,小雨,东风,微风
火车东站,2019-01-14,171642,2019-01-14,8,4,小雨,东风,微风
甬江路站,2019-01-14,6791,2019-01-14,8,4,小雨,东风,微风
白洋站,2019-01-14,11285,2019-01-14,8,4,小雨,东风,微风
盈丰路站,2019-01-14,23516,2019-01-14,8,4,小雨,东风,微风
翁梅站,2019-01-14,16291,2019-01-14,8,4,小雨,东风,微风
联庄站,2019-01-14,20252,2019-01-14,8,4,小雨,东风,微风
良渚站,2019-01-14,13067,2019-01-14,8,4,小雨,东风,微风
虾龙圩站,2019-01-14,20705,2019-01-14,8,4,小雨,东风,微风
西兴站,2019-01-14,38121,2019-01-14,8,4,小雨,东风,微风
西湖文化广场站,2019-01-14,52018,2019-01-14,8,4,小雨,东风,微风
近江站,2019-01-14,44402,2019-01-14,8,4,小雨,东风,微风
金家渡站,2019-01-14,23819,2019-01-14,8,4,小雨,东风,微风
金沙湖站,2019-01-14,44165,2019-01-14,8,4,小雨,东风,微风
钱江世纪城站,2019-01-14,25356,2019-01-14,8,4,小雨,东风,微风
钱江路站,2019-01-14,41190,2019-01-14,8,4,小雨,东风,微风
闸弄口站,2019-01-14,42268,2019-01-14,8,4,小雨,东风,微风
飞虹路站,2019-01-14,21415,2019-01-14,8,4,小雨,东风,微风
高沙路站,2019-01-14,19963,2019-01-14,8,4,小雨,东风,微风
龙翔桥站,2019-01-14,91801,2019-01-14,8,4,小雨,东风,微风
七堡站,2019-01-15,15288,2019-01-15,7,4,小雨,北风,北风3-4级
三坝站,2019-01-15,28799,2019-01-15,7,4,小雨,北风,北风3-4级
三墩站,2019-01-15,23371,2019-01-15,7,4,小雨,北风,北风3-4级
下沙江滨站,2019-01-15,17868,2019-01-15,7,4,小雨,北风,北风3-4级
下沙西站,2019-01-15,13446,2019-01-15,7,4,小雨,北风,北风3-4级
中医药大学站,2019-01-15,19804,2019-01-15,7,4,小雨,北风,北风3-4级
中河北路站,2019-01-15,25829,2019-01-15,7,4,小雨,北风,北风3-4级
丰潭路站,2019-01-15,31593,2019-01-15,7,4,小雨,北风,北风3-4级
临平站,2019-01-15,43753,2019-01-15,7,4,小雨,北风,北风3-4级
乔司南站,2019-01-15,8793,2019-01-15,7,4,小雨,北风,北风3-4级
乔司站,2019-01-15,18547,2019-01-15,7,4,小雨,北风,北风3-4级
九和路站,2019-01-15,35086,2019-01-15,7,4,小雨,北风,北风3-4级
九堡站,2019-01-15,20041,2019-01-15,7,4,小雨,北风,北风3-4级
云水站,2019-01-15,19493,2019-01-15,7,4,小雨,北风,北风3-4级
人民广场站,2019-01-15,23370,2019-01-15,7,4,小雨,北风,北风3-4级
人民路站,2019-01-15,20534,2019-01-15,7,4,小雨,北风,北风3-4级
余杭高铁站,2019-01-15,8286,2019-01-15,7,4,小雨,北风,北风3-4级
凤起路A站,2019-01-15,52496,2019-01-15,7,4,小雨,北风,北风3-4级
凤起路B站,2019-01-15,22280,2019-01-15,7,4,小雨,北风,北风3-4级
南星桥站,2019-01-15,24164,2019-01-15,7,4,小雨,北风,北风3-4级
南苑站,2019-01-15,16173,2019-01-15,7,4,小雨,北风,北风3-4级
古翠路站,2019-01-15,39461,2019-01-15,7,4,小雨,北风,北风3-4级
城星路站,2019-01-15,31324,2019-01-15,7,4,小雨,北风,北风3-4级
城站,2019-01-15,65563,2019-01-15,7,4,小雨,北风,北风3-4级
墩祥街站,2019-01-15,22122,2019-01-15,7,4,小雨,北风,北风3-4级
复兴路站,2019-01-15,8080,2019-01-15,7,4,小雨,北风,北风3-4级
婺江路站,2019-01-15,19946,2019-01-15,7,4,小雨,北风,北风3-4级
学院路站,2019-01-15,32600,2019-01-15,7,4,小雨,北风,北风3-4级
定安路站,2019-01-15,42755,2019-01-15,7,4,小雨,北风,北风3-4级
客运中心站,2019-01-15,48566,2019-01-15,7,4,小雨,北风,北风3-4级
市民中心站,2019-01-15,31859,2019-01-15,7,4,小雨,北风,北风3-4级
庆春广场站,2019-01-15,35813,2019-01-15,7,4,小雨,北风,北风3-4级
庆菱路站,2019-01-15,23442,2019-01-15,7,4,小雨,北风,北风3-4级
建国北路站,2019-01-15,31228,2019-01-15,7,4,小雨,北风,北风3-4级
建设一路站,2019-01-15,13460,2019-01-15,7,4,小雨,北风,北风3-4级
建设三路站,2019-01-15,20702,2019-01-15,7,4,小雨,北风,北风3-4级
彭埠站,2019-01-15,45646,2019-01-15,7,4,小雨,北风,北风3-4级
打铁关站,2019-01-15,41903,2019-01-15,7,4,小雨,北风,北风3-4级
振宁路站,2019-01-15,25594,2019-01-15,7,4,小雨,北风,北风3-4级
文新站,2019-01-15,27184,2019-01-15,7,4,小雨,北风,北风3-4级
文泽路站,2019-01-15,35760,2019-01-15,7,4,小雨,北风,北风3-4级
文海南路站,2019-01-15,30697,2019-01-15,7,4,小雨,北风,北风3-4级
新塘站,2019-01-15,13050,2019-01-15,7,4,小雨,北风,北风3-4级
新风站,2019-01-15,9911,2019-01-15,7,4,小雨,北风,北风3-4级
景芳站,2019-01-15,33766,2019-01-15,7,4,小雨,北风,北风3-4级
曹家桥站,2019-01-15,8844,2019-01-15,7,4,小雨,北风,北风3-4级
朝阳站,2019-01-15,14812,2019-01-15,7,4,小雨,北风,北风3-4级
杜甫村站,2019-01-15,16786,2019-01-15,7,4,小雨,北风,北风3-4级
杨家墩站,2019-01-15,11706,2019-01-15,7,4,小雨,北风,北风3-4级
杭发厂站,2019-01-15,19436,2019-01-15,7,4,小雨,北风,北风3-4级
武林广场站,2019-01-15,49286,2019-01-15,7,4,小雨,北风,北风3-4级
武林门站,2019-01-15,32396,2019-01-15,7,4,小雨,北风,北风3-4级
水澄桥站,2019-01-15,12582,2019-01-15,7,4,小雨,北风,北风3-4级
江锦路站,2019-01-15,30265,2019-01-15,7,4,小雨,北风,北风3-4级
江陵路站,2019-01-15,72630,2019-01-15,7,4,小雨,北风,北风3-4级
沈塘桥站,2019-01-15,39079,2019-01-15,7,4,小雨,北风,北风3-4级
浦沿站,2019-01-15,12647,2019-01-15,7,4,小雨,北风,北风3-4级
湘湖站,2019-01-15,20333,2019-01-15,7,4,小雨,北风,北风3-4级
滨和路站,2019-01-15,25987,2019-01-15,7,4,小雨,北风,北风3-4级
滨康路站,2019-01-15,13064,2019-01-15,7,4,小雨,北风,北风3-4级
潘水站,2019-01-15,11663,2019-01-15,7,4,小雨,北风,北风3-4级
火车东站,2019-01-15,164335,2019-01-15,7,4,小雨,北风,北风3-4级
甬江路站,2019-01-15,6325,2019-01-15,7,4,小雨,北风,北风3-4级
白洋站,2019-01-15,10813,2019-01-15,7,4,小雨,北风,北风3-4级
盈丰路站,2019-01-15,23111,2019-01-15,7,4,小雨,北风,北风3-4级
翁梅站,2019-01-15,15604,2019-01-15,7,4,小雨,北风,北风3-4级
联庄站,2019-01-15,19024,2019-01-15,7,4,小雨,北风,北风3-4级
良渚站,2019-01-15,12066,2019-01-15,7,4,小雨,北风,北风3-4级
虾龙圩站,2019-01-15,19979,2019-01-15,7,4,小雨,北风,北风3-4级
西兴站,2019-01-15,36000,2019-01-15,7,4,小雨,北风,北风3-4级
西湖文化广场站,2019-01-15,51002,2019-01-15,7,4,小雨,北风,北风3-4级
近江站,2019-01-15,43351,2019-01-15,7,4,小雨,北风,北风3-4级
金家渡站,2019-01-15,22725,2019-01-15,7,4,小雨,北风,北风3-4级
金沙湖站,2019-01-15,42429,2019-01-15,7,4,小雨,北风,北风3-4级
钱江世纪城站,2019-01-15,24924,2019-01-15,7,4,小雨,北风,北风3-4级
钱江路站,2019-01-15,40107,2019-01-15,7,4,小雨,北风,北风3-4级
闸弄口站,2019-01-15,41226,2019-01-15,7,4,小雨,北风,北风3-4级
飞虹路站,2019-01-15,21269,2019-01-15,7,4,小雨,北风,北风3-4级
高沙路站,2019-01-15,19790,2019-01-15,7,4,小雨,北风,北风3-4级
龙翔桥站,2019-01-15,81209,2019-01-15,7,4,小雨,北风,北风3-4级
七堡站,2019-01-16,15801,2019-01-16,7,1,多云,北风,微风
三坝站,2019-01-16,29402,2019-01-16,7,1,多云,北风,微风
三墩站,2019-01-16,23627,2019-01-16,7,1,多云,北风,微风
下沙江滨站,2019-01-16,18222,2019-01-16,7,1,多云,北风,微风
下沙西站,2019-01-16,14245,2019-01-16,7,1,多云,北风,微风
中医药大学站,2019-01-16,21058,2019-01-16,7,1,多云,北风,微风
中河北路站,2019-01-16,26311,2019-01-16,7,1,多云,北风,微风
丰潭路站,2019-01-16,33338,2019-01-16,7,1,多云,北风,微风
临平站,2019-01-16,45391,2019-01-16,7,1,多云,北风,微风
乔司南站,2019-01-16,9303,2019-01-16,7,1,多云,北风,微风
乔司站,2019-01-16,20173,2019-01-16,7,1,多云,北风,微风
九和路站,2019-01-16,36304,2019-01-16,7,1,多云,北风,微风
九堡站,2019-01-16,21375,2019-01-16,7,1,多云,北风,微风
云水站,2019-01-16,19671,2019-01-16,7,1,多云,北风,微风
人民广场站,2019-01-16,24157,2019-01-16,7,1,多云,北风,微风
人民路站,2019-01-16,21405,2019-01-16,7,1,多云,北风,微风
余杭高铁站,2019-01-16,8433,2019-01-16,7,1,多云,北风,微风
凤起路A站,2019-01-16,55754,2019-01-16,7,1,多云,北风,微风
凤起路B站,2019-01-16,24370,2019-01-16,7,1,多云,北风,微风
南星桥站,2019-01-16,24375,2019-01-16,7,1,多云,北风,微风
南苑站,2019-01-16,16719,2019-01-16,7,1,多云,北风,微风
古翠路站,2019-01-16,40543,2019-01-16,7,1,多云,北风,微风
城星路站,2019-01-16,31580,2019-01-16,7,1,多云,北风,微风
城站,2019-01-16,67875,2019-01-16,7,1,多云,北风,微风
墩祥街站,2019-01-16,22669,2019-01-16,7,1,多云,北风,微风
复兴路站,2019-01-16,8301,2019-01-16,7,1,多云,北风,微风
婺江路站,2019-01-16,20287,2019-01-16,7,1,多云,北风,微风
学院路站,2019-01-16,33671,2019-01-16,7,1,多云,北风,微风
定安路站,2019-01-16,47713,2019-01-16,7,1,多云,北风,微风
客运中心站,2019-01-16,51712,2019-01-16,7,1,多云,北风,微风
市民中心站,2019-01-16,32949,2019-01-16,7,1,多云,北风,微风
庆春广场站,2019-01-16,36819,2019-01-16,7,1,多云,北风,微风
庆菱路站,2019-01-16,24067,2019-01-16,7,1,多云,北风,微风
建国北路站,2019-01-16,31843,2019-01-16,7,1,多云,北风,微风
建设一路站,2019-01-16,13799,2019-01-16,7,1,多云,北风,微风
建设三路站,2019-01-16,21179,2019-01-16,7,1,多云,北风,微风
彭埠站,2019-01-16,47404,2019-01-16,7,1,多云,北风,微风
打铁关站,2019-01-16,45026,2019-01-16,7,1,多云,北风,微风
振宁路站,2019-01-16,26742,2019-01-16,7,1,多云,北风,微风
文新站,2019-01-16,28257,2019-01-16,7,1,多云,北风,微风
文泽路站,2019-01-16,39397,2019-01-16,7,1,多云,北风,微风
文海南路站,2019-01-16,32731,2019-01-16,7,1,多云,北风,微风
新塘站,2019-01-16,15780,2019-01-16,7,1,多云,北风,微风
新风站,2019-01-16,10165,2019-01-16,7,1,多云,北风,微风
景芳站,2019-01-16,34898,2019-01-16,7,1,多云,北风,微风
曹家桥站,2019-01-16,9229,2019-01-16,7,1,多云,北风,微风
朝阳站,2019-01-16,15101,2019-01-16,7,1,多云,北风,微风
杜甫村站,2019-01-16,16686,2019-01-16,7,1,多云,北风,微风
杨家墩站,2019-01-16,13386,2019-01-16,7,1,多云,北风,微风
杭发厂站,2019-01-16,20590,2019-01-16,7,1,多云,北风,微风
武林广场站,2019-01-16,51821,2019-01-16,7,1,多云,北风,微风
武林门站,2019-01-16,32647,2019-01-16,7,1,多云,北风,微风
水澄桥站,2019-01-16,13101,2019-01-16,7,1,多云,北风,微风
江锦路站,2019-01-16,31423,2019-01-16,7,1,多云,北风,微风
江陵路站,2019-01-16,75352,2019-01-16,7,1,多云,北风,微风
沈塘桥站,2019-01-16,40234,2019-01-16,7,1,多云,北风,微风
浦沿站,2019-01-16,12958,2019-01-16,7,1,多云,北风,微风
湘湖站,2019-01-16,21810,2019-01-16,7,1,多云,北风,微风
滨和路站,2019-01-16,26740,2019-01-16,7,1,多云,北风,微风
滨康路站,2019-01-16,13683,2019-01-16,7,1,多云,北风,微风
潘水站,2019-01-16,12133,2019-01-16,7,1,多云,北风,微风
火车东站,2019-01-16,173048,2019-01-16,7,1,多云,北风,微风
甬江路站,2019-01-16,6652,2019-01-16,7,1,多云,北风,微风
白洋站,2019-01-16,11158,2019-01-16,7,1,多云,北风,微风
盈丰路站,2019-01-16,24120,2019-01-16,7,1,多云,北风,微风
翁梅站,2019-01-16,16302,2019-01-16,7,1,多云,北风,微风
联庄站,2019-01-16,20348,2019-01-16,7,1,多云,北风,微风
良渚站,2019-01-16,12431,2019-01-16,7,1,多云,北风,微风
虾龙圩站,2019-01-16,20905,2019-01-16,7,1,多云,北风,微风
西兴站,2019-01-16,37241,2019-01-16,7,1,多云,北风,微风
西湖文化广场站,2019-01-16,53239,2019-01-16,7,1,多云,北风,微风
近江站,2019-01-16,45358,2019-01-16,7,1,多云,北风,微风
金家渡站,2019-01-16,24361,2019-01-16,7,1,多云,北风,微风
金沙湖站,2019-01-16,44850,2019-01-16,7,1,多云,北风,微风
钱江世纪城站,2019-01-16,27337,2019-01-16,7,1,多云,北风,微风
钱江路站,2019-01-16,41309,2019-01-16,7,1,多云,北风,微风
闸弄口站,2019-01-16,42586,2019-01-16,7,1,多云,北风,微风
飞虹路站,2019-01-16,21907,2019-01-16,7,1,多云,北风,微风
高沙路站,2019-01-16,20952,2019-01-16,7,1,多云,北风,微风
龙翔桥站,2019-01-16,91220,2019-01-16,7,1,多云,北风,微风
七堡站,2019-01-17,16486,2019-01-17,7,0,晴,北风,微风
三坝站,2019-01-17,29659,2019-01-17,7,0,晴,北风,微风
三墩站,2019-01-17,24234,2019-01-17,7,0,晴,北风,微风
下沙江滨站,2019-01-17,18412,2019-01-17,7,0,晴,北风,微风
下沙西站,2019-01-17,14436,2019-01-17,7,0,晴,北风,微风
中医药大学站,2019-01-17,21646,2019-01-17,7,0,晴,北风,微风
中河北路站,2019-01-17,26583,2019-01-17,7,0,晴,北风,微风
丰潭路站,2019-01-17,33623,2019-01-17,7,0,晴,北风,微风
临平站,2019-01-17,46801,2019-01-17,7,0,晴,北风,微风
乔司南站,2019-01-17,9228,2019-01-17,7,0,晴,北风,微风
乔司站,2019-01-17,20639,2019-01-17,7,0,晴,北风,微风
九和路站,2019-01-17,36432,2019-01-17,7,0,晴,北风,微风
九堡站,2019-01-17,21282,2019-01-17,7,0,晴,北风,微风
云水站,2019-01-17,20942,2019-01-17,7,0,晴,北风,微风
人民广场站,2019-01-17,25267,2019-01-17,7,0,晴,北风,微风
人民路站,2019-01-17,22157,2019-01-17,7,0,晴,北风,微风
余杭高铁站,2019-01-17,8683,2019-01-17,7,0,晴,北风,微风
凤起路A站,2019-01-17,57407,2019-01-17,7,0,晴,北风,微风
凤起路B站,2019-01-17,26163,2019-01-17,7,0,晴,北风,微风
南星桥站,2019-01-17,24315,2019-01-17,7,0,晴,北风,微风
南苑站,2019-01-17,16708,2019-01-17,7,0,晴,北风,微风
古翠路站,2019-01-17,41271,2019-01-17,7,0,晴,北风,微风
城星路站,2019-01-17,30979,2019-01-17,7,0,晴,北风,微风
城站,2019-01-17,70995,2019-01-17,7,0,晴,北风,微风
墩祥街站,2019-01-17,23231,2019-01-17,7,0,晴,北风,微风
复兴路站,2019-01-17,8412,2019-01-17,7,0,晴,北风,微风
婺江路站,2019-01-17,20996,2019-01-17,7,0,晴,北风,微风
学院路站,2019-01-17,34149,2019-01-17,7,0,晴,北风,微风
定安路站,2019-01-17,49514,2019-01-17,7,0,晴,北风,微风
客运中心站,2019-01-17,52084,2019-01-17,7,0,晴,北风,微风
市民中心站,2019-01-17,32767,2019-01-17,7,0,晴,北风,微风
庆春广场站,2019-01-17,36321,2019-01-17,7,0,晴,北风,微风
庆菱路站,2019-01-17,24083,2019-01-17,7,0,晴,北风,微风
建国北路站,2019-01-17,31903,2019-01-17,7,0,晴,北风,微风
建设一路站,2019-01-17,13968,2019-01-17,7,0,晴,北风,微风
建设三路站,2019-01-17,21445,2019-01-17,7,0,晴,北风,微风
彭埠站,2019-01-17,48159,2019-01-17,7,0,晴,北风,微风
打铁关站,2019-01-17,45670,2019-01-17,7,0,晴,北风,微风
振宁路站,2019-01-17,27043,2019-01-17,7,0,晴,北风,微风
文新站,2019-01-17,28689,2019-01-17,7,0,晴,北风,微风
文泽路站,2019-01-17,41769,2019-01-17,7,0,晴,北风,微风
文海南路站,2019-01-17,34758,2019-01-17,7,0,晴,北风,微风
新塘站,2019-01-17,12688,2019-01-17,7,0,晴,北风,微风
新风站,2019-01-17,10178,2019-01-17,7,0,晴,北风,微风
景芳站,2019-01-17,34449,2019-01-17,7,0,晴,北风,微风
曹家桥站,2019-01-17,9363,2019-01-17,7,0,晴,北风,微风
朝阳站,2019-01-17,15661,2019-01-17,7,0,晴,北风,微风
杜甫村站,2019-01-17,16825,2019-01-17,7,0,晴,北风,微风
杨家墩站,2019-01-17,14335,2019-01-17,7,0,晴,北风,微风
杭发厂站,2019-01-17,21627,2019-01-17,7,0,晴,北风,微风
武林广场站,2019-01-17,54849,2019-01-17,7,0,晴,北风,微风
武林门站,2019-01-17,33074,2019-01-17,7,0,晴,北风,微风
水澄桥站,2019-01-17,13537,2019-01-17,7,0,晴,北风,微风
江锦路站,2019-01-17,31503,2019-01-17,7,0,晴,北风,微风
江陵路站,2019-01-17,76604,2019-01-17,7,0,晴,北风,微风
沈塘桥站,2019-01-17,39577,2019-01-17,7,0,晴,北风,微风
浦沿站,2019-01-17,13035,2019-01-17,7,0,晴,北风,微风
湘湖站,2019-01-17,21846,2019-01-17,7,0,晴,北风,微风
滨和路站,2019-01-17,26933,2019-01-17,7,0,晴,北风,微风
滨康路站,2019-01-17,13733,2019-01-17,7,0,晴,北风,微风
潘水站,2019-01-17,12661,2019-01-17,7,0,晴,北风,微风
火车东站,2019-01-17,183432,2019-01-17,7,0,晴,北风,微风
甬江路站,2019-01-17,6632,2019-01-17,7,0,晴,北风,微风
白洋站,2019-01-17,11261,2019-01-17,7,0,晴,北风,微风
盈丰路站,2019-01-17,24557,2019-01-17,7,0,晴,北风,微风
翁梅站,2019-01-17,16804,2019-01-17,7,0,晴,北风,微风
联庄站,2019-01-17,20531,2019-01-17,7,0,晴,北风,微风
良渚站,2019-01-17,13011,2019-01-17,7,0,晴,北风,微风
虾龙圩站,2019-01-17,21058,2019-01-17,7,0,晴,北风,微风
西兴站,2019-01-17,37451,2019-01-17,7,0,晴,北风,微风
西湖文化广场站,2019-01-17,54299,2019-01-17,7,0,晴,北风,微风
近江站,2019-01-17,45769,2019-01-17,7,0,晴,北风,微风
金家渡站,2019-01-17,25073,2019-01-17,7,0,晴,北风,微风
金沙湖站,2019-01-17,45632,2019-01-17,7,0,晴,北风,微风
钱江世纪城站,2019-01-17,27650,2019-01-17,7,0,晴,北风,微风
钱江路站,2019-01-17,41833,2019-01-17,7,0,晴,北风,微风
闸弄口站,2019-01-17,43285,2019-01-17,7,0,晴,北风,微风
飞虹路站,2019-01-17,22209,2019-01-17,7,0,晴,北风,微风
高沙路站,2019-01-17,21213,2019-01-17,7,0,晴,北风,微风
龙翔桥站,2019-01-17,101286,2019-01-17,7,0,晴,北风,微风
七堡站,2019-01-18,16922,2019-01-18,11,2,晴,北风,微风
三坝站,2019-01-18,31933,2019-01-18,11,2,晴,北风,微风
三墩站,2019-01-18,25698,2019-01-18,11,2,晴,北风,微风
下沙江滨站,2019-01-18,19622,2019-01-18,11,2,晴,北风,微风
下沙西站,2019-01-18,14696,2019-01-18,11,2,晴,北风,微风
中医药大学站,2019-01-18,23738,2019-01-18,11,2,晴,北风,微风
中河北路站,2019-01-18,27882,2019-01-18,11,2,晴,北风,微风
丰潭路站,2019-01-18,36075,2019-01-18,11,2,晴,北风,微风
临平站,2019-01-18,50318,2019-01-18,11,2,晴,北风,微风
乔司南站,2019-01-18,9666,2019-01-18,11,2,晴,北风,微风
乔司站,2019-01-18,21546,2019-01-18,11,2,晴,北风,微风
九和路站,2019-01-18,37312,2019-01-18,11,2,晴,北风,微风
九堡站,2019-01-18,22126,2019-01-18,11,2,晴,北风,微风
云水站,2019-01-18,23436,2019-01-18,11,2,晴,北风,微风
人民广场站,2019-01-18,27833,2019-01-18,11,2,晴,北风,微风
人民路站,2019-01-18,23564,2019-01-18,11,2,晴,北风,微风
余杭高铁站,2019-01-18,9281,2019-01-18,11,2,晴,北风,微风
凤起路A站,2019-01-18,63952,2019-01-18,11,2,晴,北风,微风
凤起路B站,2019-01-18,28813,2019-01-18,11,2,晴,北风,微风
南星桥站,2019-01-18,25158,2019-01-18,11,2,晴,北风,微风
南苑站,2019-01-18,17327,2019-01-18,11,2,晴,北风,微风
古翠路站,2019-01-18,43579,2019-01-18,11,2,晴,北风,微风
城星路站,2019-01-18,31212,2019-01-18,11,2,晴,北风,微风
城站,2019-01-18,76310,2019-01-18,11,2,晴,北风,微风
墩祥街站,2019-01-18,23980,2019-01-18,11,2,晴,北风,微风
复兴路站,2019-01-18,8864,2019-01-18,11,2,晴,北风,微风
婺江路站,2019-01-18,22713,2019-01-18,11,2,晴,北风,微风
学院路站,2019-01-18,36014,2019-01-18,11,2,晴,北风,微风
定安路站,2019-01-18,53912,2019-01-18,11,2,晴,北风,微风
客运中心站,2019-01-18,55590,2019-01-18,11,2,晴,北风,微风
市民中心站,2019-01-18,35448,2019-01-18,11,2,晴,北风,微风
庆春广场站,2019-01-18,37606,2019-01-18,11,2,晴,北风,微风
庆菱路站,2019-01-18,25951,2019-01-18,11,2,晴,北风,微风
建国北路站,2019-01-18,33593,2019-01-18,11,2,晴,北风,微风
建设一路站,2019-01-18,15024,2019-01-18,11,2,晴,北风,微风
建设三路站,2019-01-18,22349,2019-01-18,11,2,晴,北风,微风
彭埠站,2019-01-18,50155,2019-01-18,11,2,晴,北风,微风
打铁关站,2019-01-18,50253,2019-01-18,11,2,晴,北风,微风
振宁路站,2019-01-18,28068,2019-01-18,11,2,晴,北风,微风
文新站,2019-01-18,31465,2019-01-18,11,2,晴,北风,微风
文泽路站,2019-01-18,45443,2019-01-18,11,2,晴,北风,微风
文海南路站,2019-01-18,34514,2019-01-18,11,2,晴,北风,微风
新塘站,2019-01-18,14157,2019-01-18,11,2,晴,北风,微风
新风站,2019-01-18,10560,2019-01-18,11,2,晴,北风,微风
景芳站,2019-01-18,37220,2019-01-18,11,2,晴,北风,微风
曹家桥站,2019-01-18,9913,2019-01-18,11,2,晴,北风,微风
朝阳站,2019-01-18,16619,2019-01-18,11,2,晴,北风,微风
杜甫村站,2019-01-18,18007,2019-01-18,11,2,晴,北风,微风
杨家墩站,2019-01-18,14074,2019-01-18,11,2,晴,北风,微风
杭发厂站,2019-01-18,23743,2019-01-18,11,2,晴,北风,微风
武林广场站,2019-01-18,62007,2019-01-18,11,2,晴,北风,微风
武林门站,2019-01-18,34578,2019-01-18,11,2,晴,北风,微风
水澄桥站,2019-01-18,15459,2019-01-18,11,2,晴,北风,微风
江锦路站,2019-01-18,33652,2019-01-18,11,2,晴,北风,微风
江陵路站,2019-01-18,81727,2019-01-18,11,2,晴,北风,微风
沈塘桥站,2019-01-18,40386,2019-01-18,11,2,晴,北风,微风
浦沿站,2019-01-18,13895,2019-01-18,11,2,晴,北风,微风
湘湖站,2019-01-18,23662,2019-01-18,11,2,晴,北风,微风
滨和路站,2019-01-18,29674,2019-01-18,11,2,晴,北风,微风
滨康路站,2019-01-18,14515,2019-01-18,11,2,晴,北风,微风
潘水站,2019-01-18,14024,2019-01-18,11,2,晴,北风,微风
火车东站,2019-01-18,220132,2019-01-18,11,2,晴,北风,微风
甬江路站,2019-01-18,7327,2019-01-18,11,2,晴,北风,微风
白洋站,2019-01-18,11540,2019-01-18,11,2,晴,北风,微风
盈丰路站,2019-01-18,24732,2019-01-18,11,2,晴,北风,微风
翁梅站,2019-01-18,17245,2019-01-18,11,2,晴,北风,微风
联庄站,2019-01-18,22221,2019-01-18,11,2,晴,北风,微风
良渚站,2019-01-18,13837,2019-01-18,11,2,晴,北风,微风
虾龙圩站,2019-01-18,22782,2019-01-18,11,2,晴,北风,微风
西兴站,2019-01-18,40346,2019-01-18,11,2,晴,北风,微风
西湖文化广场站,2019-01-18,58144,2019-01-18,11,2,晴,北风,微风
近江站,2019-01-18,48597,2019-01-18,11,2,晴,北风,微风
金家渡站,2019-01-18,25278,2019-01-18,11,2,晴,北风,微风
金沙湖站,2019-01-18,48916,2019-01-18,11,2,晴,北风,微风
钱江世纪城站,2019-01-18,28789,2019-01-18,11,2,晴,北风,微风
钱江路站,2019-01-18,44207,2019-01-18,11,2,晴,北风,微风
闸弄口站,2019-01-18,46011,2019-01-18,11,2,晴,北风,微风
飞虹路站,2019-01-18,22688,2019-01-18,11,2,晴,北风,微风
高沙路站,2019-01-18,22602,2019-01-18,11,2,晴,北风,微风
龙翔桥站,2019-01-18,112196,2019-01-18,11,2,晴,北风,微风
七堡站,2019-01-19,10961,2019-01-19,8,5,阴,北风,微风
三坝站,2019-01-19,25935,2019-01-19,8,5,阴,北风,微风
三墩站,2019-01-19,19654,2019-01-19,8,5,阴,北风,微风
下沙江滨站,2019-01-19,17236,2019-01-19,8,5,阴,北风,微风
下沙西站,2019-01-19,11345,2019-01-19,8,5,阴,北风,微风
中医药大学站,2019-01-19,18273,2019-01-19,8,5,阴,北风,微风
中河北路站,2019-01-19,19944,2019-01-19,8,5,阴,北风,微风
丰潭路站,2019-01-19,29945,2019-01-19,8,5,阴,北风,微风
临平站,2019-01-19,42236,2019-01-19,8,5,阴,北风,微风
乔司南站,2019-01-19,7735,2019-01-19,8,5,阴,北风,微风
乔司站,2019-01-19,22552,2019-01-19,8,5,阴,北风,微风
九和路站,2019-01-19,26921,2019-01-19,8,5,阴,北风,微风
九堡站,2019-01-19,19243,2019-01-19,8,5,阴,北风,微风
云水站,2019-01-19,18460,2019-01-19,8,5,阴,北风,微风
人民广场站,2019-01-19,25450,2019-01-19,8,5,阴,北风,微风
人民路站,2019-01-19,21563,2019-01-19,8,5,阴,北风,微风
余杭高铁站,2019-01-19,7421,2019-01-19,8,5,阴,北风,微风
凤起路A站,2019-01-19,64636,2019-01-19,8,5,阴,北风,微风
凤起路B站,2019-01-19,26468,2019-01-19,8,5,阴,北风,微风
南星桥站,2019-01-19,15893,2019-01-19,8,5,阴,北风,微风
南苑站,2019-01-19,14758,2019-01-19,8,5,阴,北风,微风
古翠路站,2019-01-19,28796,2019-01-19,8,5,阴,北风,微风
城星路站,2019-01-19,12826,2019-01-19,8,5,阴,北风,微风
城站,2019-01-19,68148,2019-01-19,8,5,阴,北风,微风
墩祥街站,2019-01-19,19762,2019-01-19,8,5,阴,北风,微风
复兴路站,2019-01-19,7388,2019-01-19,8,5,阴,北风,微风
婺江路站,2019-01-19,20317,2019-01-19,8,5,阴,北风,微风
学院路站,2019-01-19,25195,2019-01-19,8,5,阴,北风,微风
定安路站,2019-01-19,54068,2019-01-19,8,5,阴,北风,微风
客运中心站,2019-01-19,49893,2019-01-19,8,5,阴,北风,微风
市民中心站,2019-01-19,28758,2019-01-19,8,5,阴,北风,微风
庆春广场站,2019-01-19,27357,2019-01-19,8,5,阴,北风,微风
庆菱路站,2019-01-19,20804,2019-01-19,8,5,阴,北风,微风
建国北路站,2019-01-19,25019,2019-01-19,8,5,阴,北风,微风
建设一路站,2019-01-19,10218,2019-01-19,8,5,阴,北风,微风
建设三路站,2019-01-19,17634,2019-01-19,8,5,阴,北风,微风
彭埠站,2019-01-19,39301,2019-01-19,8,5,阴,北风,微风
打铁关站,2019-01-19,38212,2019-01-19,8,5,阴,北风,微风
振宁路站,2019-01-19,22339,2019-01-19,8,5,阴,北风,微风
文新站,2019-01-19,25775,2019-01-19,8,5,阴,北风,微风
文泽路站,2019-01-19,40268,2019-01-19,8,5,阴,北风,微风
文海南路站,2019-01-19,24906,2019-01-19,8,5,阴,北风,微风
新塘站,2019-01-19,10978,2019-01-19,8,5,阴,北风,微风
新风站,2019-01-19,7837,2019-01-19,8,5,阴,北风,微风
景芳站,2019-01-19,31144,2019-01-19,8,5,阴,北风,微风
曹家桥站,2019-01-19,8004,2019-01-19,8,5,阴,北风,微风
朝阳站,2019-01-19,13350,2019-01-19,8,5,阴,北风,微风
杜甫村站,2019-01-19,17326,2019-01-19,8,5,阴,北风,微风
杨家墩站,2019-01-19,13904,2019-01-19,8,5,阴,北风,微风
杭发厂站,2019-01-19,25852,2019-01-19,8,5,阴,北风,微风
武林广场站,2019-01-19,59437,2019-01-19,8,5,阴,北风,微风
武林门站,2019-01-19,23470,2019-01-19,8,5,阴,北风,微风
水澄桥站,2019-01-19,12878,2019-01-19,8,5,阴,北风,微风
江锦路站,2019-01-19,22970,2019-01-19,8,5,阴,北风,微风
江陵路站,2019-01-19,53228,2019-01-19,8,5,阴,北风,微风
沈塘桥站,2019-01-19,27136,2019-01-19,8,5,阴,北风,微风
浦沿站,2019-01-19,12529,2019-01-19,8,5,阴,北风,微风
湘湖站,2019-01-19,20077,2019-01-19,8,5,阴,北风,微风
滨和路站,2019-01-19,23937,2019-01-19,8,5,阴,北风,微风
滨康路站,2019-01-19,11859,2019-01-19,8,5,阴,北风,微风
潘水站,2019-01-19,12508,2019-01-19,8,5,阴,北风,微风
火车东站,2019-01-19,199652,2019-01-19,8,5,阴,北风,微风
甬江路站,2019-01-19,5424,2019-01-19,8,5,阴,北风,微风
白洋站,2019-01-19,9462,2019-01-19,8,5,阴,北风,微风
盈丰路站,2019-01-19,14714,2019-01-19,8,5,阴,北风,微风
翁梅站,2019-01-19,15407,2019-01-19,8,5,阴,北风,微风
联庄站,2019-01-19,17580,2019-01-19,8,5,阴,北风,微风
良渚站,2019-01-19,11949,2019-01-19,8,5,阴,北风,微风
虾龙圩站,2019-01-19,19398,2019-01-19,8,5,阴,北风,微风
西兴站,2019-01-19,29706,2019-01-19,8,5,阴,北风,微风
西湖文化广场站,2019-01-19,47327,2019-01-19,8,5,阴,北风,微风
近江站,2019-01-19,30553,2019-01-19,8,5,阴,北风,微风
金家渡站,2019-01-19,21292,2019-01-19,8,5,阴,北风,微风
金沙湖站,2019-01-19,43912,2019-01-19,8,5,阴,北风,微风
钱江世纪城站,2019-01-19,20572,2019-01-19,8,5,阴,北风,微风
钱江路站,2019-01-19,31590,2019-01-19,8,5,阴,北风,微风
闸弄口站,2019-01-19,37833,2019-01-19,8,5,阴,北风,微风
飞虹路站,2019-01-19,18096,2019-01-19,8,5,阴,北风,微风
高沙路站,2019-01-19,20188,2019-01-19,8,5,阴,北风,微风
龙翔桥站,2019-01-19,132565,2019-01-19,8,5,阴,北风,微风
七堡站,2019-01-20,10231,2019-01-20,9,2,多云,北风,微风
三坝站,2019-01-20,24449,2019-01-20,9,2,多云,北风,微风
三墩站,2019-01-20,18762,2019-01-20,9,2,多云,北风,微风
下沙江滨站,2019-01-20,17162,2019-01-20,9,2,多云,北风,微风
下沙西站,2019-01-20,10074,2019-01-20,9,2,多云,北风,微风
中医药大学站,2019-01-20,16858,2019-01-20,9,2,多云,北风,微风
中河北路站,2019-01-20,18878,2019-01-20,9,2,多云,北风,微风
丰潭路站,2019-01-20,27982,2019-01-20,9,2,多云,北风,微风
临平站,2019-01-20,40776,2019-01-20,9,2,多云,北风,微风
乔司南站,2019-01-20,7482,2019-01-20,9,2,多云,北风,微风
乔司站,2019-01-20,23119,2019-01-20,9,2,多云,北风,微风
九和路站,2019-01-20,22952,2019-01-20,9,2,多云,北风,微风
九堡站,2019-01-20,18373,2019-01-20,9,2,多云,北风,微风
云水站,2019-01-20,19468,2019-01-20,9,2,多云,北风,微风
人民广场站,2019-01-20,24086,2019-01-20,9,2,多云,北风,微风
人民路站,2019-01-20,20174,2019-01-20,9,2,多云,北风,微风
余杭高铁站,2019-01-20,7501,2019-01-20,9,2,多云,北风,微风
凤起路A站,2019-01-20,61823,2019-01-20,9,2,多云,北风,微风
凤起路B站,2019-01-20,25168,2019-01-20,9,2,多云,北风,微风
南星桥站,2019-01-20,13641,2019-01-20,9,2,多云,北风,微风
南苑站,2019-01-20,14486,2019-01-20,9,2,多云,北风,微风
古翠路站,2019-01-20,25978,2019-01-20,9,2,多云,北风,微风
城星路站,2019-01-20,9585,2019-01-20,9,2,多云,北风,微风
城站,2019-01-20,72169,2019-01-20,9,2,多云,北风,微风
墩祥街站,2019-01-20,18509,2019-01-20,9,2,多云,北风,微风
复兴路站,2019-01-20,6671,2019-01-20,9,2,多云,北风,微风
婺江路站,2019-01-20,21157,2019-01-20,9,2,多云,北风,微风
学院路站,2019-01-20,23235,2019-01-20,9,2,多云,北风,微风
定安路站,2019-01-20,54066,2019-01-20,9,2,多云,北风,微风
客运中心站,2019-01-20,51221,2019-01-20,9,2,多云,北风,微风
市民中心站,2019-01-20,26584,2019-01-20,9,2,多云,北风,微风
庆春广场站,2019-01-20,25801,2019-01-20,9,2,多云,北风,微风
庆菱路站,2019-01-20,20478,2019-01-20,9,2,多云,北风,微风
建国北路站,2019-01-20,21806,2019-01-20,9,2,多云,北风,微风
建设一路站,2019-01-20,9963,2019-01-20,9,2,多云,北风,微风
建设三路站,2019-01-20,16102,2019-01-20,9,2,多云,北风,微风
彭埠站,2019-01-20,35102,2019-01-20,9,2,多云,北风,微风
打铁关站,2019-01-20,35584,2019-01-20,9,2,多云,北风,微风
振宁路站,2019-01-20,20880,2019-01-20,9,2,多云,北风,微风
文新站,2019-01-20,24236,2019-01-20,9,2,多云,北风,微风
文泽路站,2019-01-20,36987,2019-01-20,9,2,多云,北风,微风
文海南路站,2019-01-20,22193,2019-01-20,9,2,多云,北风,微风
新塘站,2019-01-20,10780,2019-01-20,9,2,多云,北风,微风
新风站,2019-01-20,6499,2019-01-20,9,2,多云,北风,微风
景芳站,2019-01-20,28404,2019-01-20,9,2,多云,北风,微风
曹家桥站,2019-01-20,7503,2019-01-20,9,2,多云,北风,微风
朝阳站,2019-01-20,13680,2019-01-20,9,2,多云,北风,微风
杜甫村站,2019-01-20,17184,2019-01-20,9,2,多云,北风,微风
杨家墩站,2019-01-20,12592,2019-01-20,9,2,多云,北风,微风
杭发厂站,2019-01-20,24770,2019-01-20,9,2,多云,北风,微风
武林广场站,2019-01-20,56178,2019-01-20,9,2,多云,北风,微风
武林门站,2019-01-20,20925,2019-01-20,9,2,多云,北风,微风
水澄桥站,2019-01-20,12142,2019-01-20,9,2,多云,北风,微风
江锦路站,2019-01-20,20685,2019-01-20,9,2,多云,北风,微风
江陵路站,2019-01-20,46044,2019-01-20,9,2,多云,北风,微风
沈塘桥站,2019-01-20,23536,2019-01-20,9,2,多云,北风,微风
浦沿站,2019-01-20,12862,2019-01-20,9,2,多云,北风,微风
湘湖站,2019-01-20,19683,2019-01-20,9,2,多云,北风,微风
滨和路站,2019-01-20,23454,2019-01-20,9,2,多云,北风,微风
滨康路站,2019-01-20,11331,2019-01-20,9,2,多云,北风,微风
潘水站,2019-01-20,11465,2019-01-20,9,2,多云,北风,微风
火车东站,2019-01-20,209749,2019-01-20,9,2,多云,北风,微风
甬江路站,2019-01-20,4945,2019-01-20,9,2,多云,北风,微风
白洋站,2019-01-20,9428,2019-01-20,9,2,多云,北风,微风
盈丰路站,2019-01-20,11685,2019-01-20,9,2,多云,北风,微风
翁梅站,2019-01-20,15863,2019-01-20,9,2,多云,北风,微风
联庄站,2019-01-20,16779,2019-01-20,9,2,多云,北风,微风
良渚站,2019-01-20,12064,2019-01-20,9,2,多云,北风,微风
虾龙圩站,2019-01-20,17829,2019-01-20,9,2,多云,北风,微风
西兴站,2019-01-20,27644,2019-01-20,9,2,多云,北风,微风
西湖文化广场站,2019-01-20,44601,2019-01-20,9,2,多云,北风,微风
近江站,2019-01-20,26270,2019-01-20,9,2,多云,北风,微风
金家渡站,2019-01-20,19717,2019-01-20,9,2,多云,北风,微风
金沙湖站,2019-01-20,43791,2019-01-20,9,2,多云,北风,微风
钱江世纪城站,2019-01-20,18081,2019-01-20,9,2,多云,北风,微风
钱江路站,2019-01-20,28432,2019-01-20,9,2,多云,北风,微风
闸弄口站,2019-01-20,35669,2019-01-20,9,2,多云,北风,微风
飞虹路站,2019-01-20,17419,2019-01-20,9,2,多云,北风,微风
高沙路站,2019-01-20,18855,2019-01-20,9,2,多云,北风,微风
龙翔桥站,2019-01-20,133066,2019-01-20,9,2,多云,北风,微风
七堡站,2019-01-21,16179,2019-01-21,7,0,多云,北风,微风
三坝站,2019-01-21,30461,2019-01-21,7,0,多云,北风,微风
三墩站,2019-01-21,24651,2019-01-21,7,0,多云,北风,微风
下沙江滨站,2019-01-21,19025,2019-01-21,7,0,多云,北风,微风
下沙西站,2019-01-21,14307,2019-01-21,7,0,多云,北风,微风
中医药大学站,2019-01-21,20080,2019-01-21,7,0,多云,北风,微风
中河北路站,2019-01-21,26631,2019-01-21,7,0,多云,北风,微风
丰潭路站,2019-01-21,33721,2019-01-21,7,0,多云,北风,微风
临平站,2019-01-21,48642,2019-01-21,7,0,多云,北风,微风
乔司南站,2019-01-21,9391,2019-01-21,7,0,多云,北风,微风
乔司站,2019-01-21,22424,2019-01-21,7,0,多云,北风,微风
九和路站,2019-01-21,36394,2019-01-21,7,0,多云,北风,微风
九堡站,2019-01-21,21796,2019-01-21,7,0,多云,北风,微风
云水站,2019-01-21,19544,2019-01-21,7,0,多云,北风,微风
人民广场站,2019-01-21,25496,2019-01-21,7,0,多云,北风,微风
人民路站,2019-01-21,22964,2019-01-21,7,0,多云,北风,微风
余杭高铁站,2019-01-21,8823,2019-01-21,7,0,多云,北风,微风
凤起路A站,2019-01-21,57053,2019-01-21,7,0,多云,北风,微风
凤起路B站,2019-01-21,25058,2019-01-21,7,0,多云,北风,微风
南星桥站,2019-01-21,24352,2019-01-21,7,0,多云,北风,微风
南苑站,2019-01-21,17511,2019-01-21,7,0,多云,北风,微风
古翠路站,2019-01-21,41668,2019-01-21,7,0,多云,北风,微风
城星路站,2019-01-21,30897,2019-01-21,7,0,多云,北风,微风
城站,2019-01-21,76840,2019-01-21,7,0,多云,北风,微风
墩祥街站,2019-01-21,23433,2019-01-21,7,0,多云,北风,微风
复兴路站,2019-01-21,8423,2019-01-21,7,0,多云,北风,微风
婺江路站,2019-01-21,21561,2019-01-21,7,0,多云,北风,微风
学院路站,2019-01-21,33694,2019-01-21,7,0,多云,北风,微风
定安路站,2019-01-21,48611,2019-01-21,7,0,多云,北风,微风
客运中心站,2019-01-21,53881,2019-01-21,7,0,多云,北风,微风
市民中心站,2019-01-21,32570,2019-01-21,7,0,多云,北风,微风
庆春广场站,2019-01-21,36580,2019-01-21,7,0,多云,北风,微风
庆菱路站,2019-01-21,24590,2019-01-21,7,0,多云,北风,微风
建国北路站,2019-01-21,31836,2019-01-21,7,0,多云,北风,微风
建设一路站,2019-01-21,13991,2019-01-21,7,0,多云,北风,微风
建设三路站,2019-01-21,21050,2019-01-21,7,0,多云,北风,微风
彭埠站,2019-01-21,48317,2019-01-21,7,0,多云,北风,微风
打铁关站,2019-01-21,46691,2019-01-21,7,0,多云,北风,微风
振宁路站,2019-01-21,26793,2019-01-21,7,0,多云,北风,微风
文新站,2019-01-21,28873,2019-01-21,7,0,多云,北风,微风
文泽路站,2019-01-21,34470,2019-01-21,7,0,多云,北风,微风
文海南路站,2019-01-21,24578,2019-01-21,7,0,多云,北风,微风
新塘站,2019-01-21,12415,2019-01-21,7,0,多云,北风,微风
新风站,2019-01-21,10119,2019-01-21,7,0,多云,北风,微风
景芳站,2019-01-21,33434,2019-01-21,7,0,多云,北风,微风
曹家桥站,2019-01-21,9704,2019-01-21,7,0,多云,北风,微风
朝阳站,2019-01-21,16338,2019-01-21,7,0,多云,北风,微风
杜甫村站,2019-01-21,17814,2019-01-21,7,0,多云,北风,微风
杨家墩站,2019-01-21,11614,2019-01-21,7,0,多云,北风,微风
杭发厂站,2019-01-21,22670,2019-01-21,7,0,多云,北风,微风
武林广场站,2019-01-21,52894,2019-01-21,7,0,多云,北风,微风
武林门站,2019-01-21,33299,2019-01-21,7,0,多云,北风,微风
水澄桥站,2019-01-21,13688,2019-01-21,7,0,多云,北风,微风
江锦路站,2019-01-21,31088,2019-01-21,7,0,多云,北风,微风
江陵路站,2019-01-21,78230,2019-01-21,7,0,多云,北风,微风
沈塘桥站,2019-01-21,38508,2019-01-21,7,0,多云,北风,微风
浦沿站,2019-01-21,13408,2019-01-21,7,0,多云,北风,微风
湘湖站,2019-01-21,23833,2019-01-21,7,0,多云,北风,微风
滨和路站,2019-01-21,26982,2019-01-21,7,0,多云,北风,微风
滨康路站,2019-01-21,13967,2019-01-21,7,0,多云,北风,微风
潘水站,2019-01-21,13267,2019-01-21,7,0,多云,北风,微风
火车东站,2019-01-21,181418,2019-01-21,7,0,多云,北风,微风
甬江路站,2019-01-21,7013,2019-01-21,7,0,多云,北风,微风
白洋站,2019-01-21,11593,2019-01-21,7,0,多云,北风,微风
盈丰路站,2019-01-21,22429,2019-01-21,7,0,多云,北风,微风
翁梅站,2019-01-21,18284,2019-01-21,7,0,多云,北风,微风
联庄站,2019-01-21,20712,2019-01-21,7,0,多云,北风,微风
良渚站,2019-01-21,13511,2019-01-21,7,0,多云,北风,微风
虾龙圩站,2019-01-21,21535,2019-01-21,7,0,多云,北风,微风
西兴站,2019-01-21,39550,2019-01-21,7,0,多云,北风,微风
西湖文化广场站,2019-01-21,53186,2019-01-21,7,0,多云,北风,微风
近江站,2019-01-21,44965,2019-01-21,7,0,多云,北风,微风
金家渡站,2019-01-21,23393,2019-01-21,7,0,多云,北风,微风
金沙湖站,2019-01-21,43611,2019-01-21,7,0,多云,北风,微风
钱江世纪城站,2019-01-21,26421,2019-01-21,7,0,多云,北风,微风
钱江路站,2019-01-21,40309,2019-01-21,7,0,多云,北风,微风
闸弄口站,2019-01-21,43468,2019-01-21,7,0,多云,北风,微风
飞虹路站,2019-01-21,21813,2019-01-21,7,0,多云,北风,微风
高沙路站,2019-01-21,21078,2019-01-21,7,0,多云,北风,微风
龙翔桥站,2019-01-21,104548,2019-01-21,7,0,多云,北风,微风
七堡站,2019-01-22,16216,2019-01-22,11,1,晴,北风,微风
三坝站,2019-01-22,30407,2019-01-22,11,1,晴,北风,微风
三墩站,2019-01-22,24498,2019-01-22,11,1,晴,北风,微风
下沙江滨站,2019-01-22,18938,2019-01-22,11,1,晴,北风,微风
下沙西站,2019-01-22,14356,2019-01-22,11,1,晴,北风,微风
中医药大学站,2019-01-22,19160,2019-01-22,11,1,晴,北风,微风
中河北路站,2019-01-22,26752,2019-01-22,11,1,晴,北风,微风
丰潭路站,2019-01-22,33213,2019-01-22,11,1,晴,北风,微风
临平站,2019-01-22,48443,2019-01-22,11,1,晴,北风,微风
乔司南站,2019-01-22,9537,2019-01-22,11,1,晴,北风,微风
乔司站,2019-01-22,21552,2019-01-22,11,1,晴,北风,微风
九和路站,2019-01-22,35901,2019-01-22,11,1,晴,北风,微风
九堡站,2019-01-22,21941,2019-01-22,11,1,晴,北风,微风
云水站,2019-01-22,20205,2019-01-22,11,1,晴,北风,微风
人民广场站,2019-01-22,25480,2019-01-22,11,1,晴,北风,微风
人民路站,2019-01-22,22424,2019-01-22,11,1,晴,北风,微风
余杭高铁站,2019-01-22,8844,2019-01-22,11,1,晴,北风,微风
凤起路A站,2019-01-22,59528,2019-01-22,11,1,晴,北风,微风
凤起路B站,2019-01-22,25657,2019-01-22,11,1,晴,北风,微风
南星桥站,2019-01-22,23865,2019-01-22,11,1,晴,北风,微风
南苑站,2019-01-22,16684,2019-01-22,11,1,晴,北风,微风
古翠路站,2019-01-22,41673,2019-01-22,11,1,晴,北风,微风
城星路站,2019-01-22,30378,2019-01-22,11,1,晴,北风,微风
城站,2019-01-22,78110,2019-01-22,11,1,晴,北风,微风
墩祥街站,2019-01-22,23635,2019-01-22,11,1,晴,北风,微风
复兴路站,2019-01-22,8473,2019-01-22,11,1,晴,北风,微风
婺江路站,2019-01-22,22035,2019-01-22,11,1,晴,北风,微风
学院路站,2019-01-22,34211,2019-01-22,11,1,晴,北风,微风
定安路站,2019-01-22,50170,2019-01-22,11,1,晴,北风,微风
客运中心站,2019-01-22,53666,2019-01-22,11,1,晴,北风,微风
市民中心站,2019-01-22,34294,2019-01-22,11,1,晴,北风,微风
庆春广场站,2019-01-22,37274,2019-01-22,11,1,晴,北风,微风
庆菱路站,2019-01-22,25042,2019-01-22,11,1,晴,北风,微风
建国北路站,2019-01-22,31714,2019-01-22,11,1,晴,北风,微风
建设一路站,2019-01-22,13805,2019-01-22,11,1,晴,北风,微风
建设三路站,2019-01-22,20340,2019-01-22,11,1,晴,北风,微风
彭埠站,2019-01-22,48630,2019-01-22,11,1,晴,北风,微风
打铁关站,2019-01-22,46327,2019-01-22,11,1,晴,北风,微风
振宁路站,2019-01-22,26394,2019-01-22,11,1,晴,北风,微风
文新站,2019-01-22,29253,2019-01-22,11,1,晴,北风,微风
文泽路站,2019-01-22,35876,2019-01-22,11,1,晴,北风,微风
文海南路站,2019-01-22,24386,2019-01-22,11,1,晴,北风,微风
新塘站,2019-01-22,12787,2019-01-22,11,1,晴,北风,微风
新风站,2019-01-22,10035,2019-01-22,11,1,晴,北风,微风
景芳站,2019-01-22,34652,2019-01-22,11,1,晴,北风,微风
曹家桥站,2019-01-22,9524,2019-01-22,11,1,晴,北风,微风
朝阳站,2019-01-22,15865,2019-01-22,11,1,晴,北风,微风
杜甫村站,2019-01-22,19201,2019-01-22,11,1,晴,北风,微风
杨家墩站,2019-01-22,10662,2019-01-22,11,1,晴,北风,微风
杭发厂站,2019-01-22,21721,2019-01-22,11,1,晴,北风,微风
武林广场站,2019-01-22,53399,2019-01-22,11,1,晴,北风,微风
武林门站,2019-01-22,33134,2019-01-22,11,1,晴,北风,微风
水澄桥站,2019-01-22,13547,2019-01-22,11,1,晴,北风,微风
江锦路站,2019-01-22,31665,2019-01-22,11,1,晴,北风,微风
江陵路站,2019-01-22,76683,2019-01-22,11,1,晴,北风,微风
沈塘桥站,2019-01-22,38672,2019-01-22,11,1,晴,北风,微风
浦沿站,2019-01-22,13420,2019-01-22,11,1,晴,北风,微风
湘湖站,2019-01-22,22969,2019-01-22,11,1,晴,北风,微风
滨和路站,2019-01-22,26490,2019-01-22,11,1,晴,北风,微风
滨康路站,2019-01-22,13819,2019-01-22,11,1,晴,北风,微风
潘水站,2019-01-22,12614,2019-01-22,11,1,晴,北风,微风
火车东站,2019-01-22,183911,2019-01-22,11,1,晴,北风,微风
甬江路站,2019-01-22,7119,2019-01-22,11,1,晴,北风,微风
白洋站,2019-01-22,11261,2019-01-22,11,1,晴,北风,微风
盈丰路站,2019-01-22,22281,2019-01-22,11,1,晴,北风,微风
翁梅站,2019-01-22,17448,2019-01-22,11,1,晴,北风,微风
联庄站,2019-01-22,20187,2019-01-22,11,1,晴,北风,微风
良渚站,2019-01-22,13763,2019-01-22,11,1,晴,北风,微风
虾龙圩站,2019-01-22,22086,2019-01-22,11,1,晴,北风,微风
西兴站,2019-01-22,37943,2019-01-22,11,1,晴,北风,微风
西湖文化广场站,2019-01-22,55258,2019-01-22,11,1,晴,北风,微风
近江站,2019-01-22,44660,2019-01-22,11,1,晴,北风,微风
金家渡站,2019-01-22,23025,2019-01-22,11,1,晴,北风,微风
金沙湖站,2019-01-22,45317,2019-01-22,11,1,晴,北风,微风
钱江世纪城站,2019-01-22,26380,2019-01-22,11,1,晴,北风,微风
钱江路站,2019-01-22,40108,2019-01-22,11,1,晴,北风,微风
闸弄口站,2019-01-22,43473,2019-01-22,11,1,晴,北风,微风
飞虹路站,2019-01-22,21682,2019-01-22,11,1,晴,北风,微风
高沙路站,2019-01-22,24945,2019-01-22,11,1,晴,北风,微风
龙翔桥站,2019-01-22,105315,2019-01-22,11,1,晴,北风,微风
七堡站,2019-01-23,16522,2019-01-23,12,1,晴,北风,微风
三坝站,2019-01-23,30472,2019-01-23,12,1,晴,北风,微风
三墩站,2019-01-23,24673,2019-01-23,12,1,晴,北风,微风
下沙江滨站,2019-01-23,19480,2019-01-23,12,1,晴,北风,微风
下沙西站,2019-01-23,14533,2019-01-23,12,1,晴,北风,微风
中医药大学站,2019-01-23,19525,2019-01-23,12,1,晴,北风,微风
中河北路站,2019-01-23,26872,2019-01-23,12,1,晴,北风,微风
丰潭路站,2019-01-23,33443,2019-01-23,12,1,晴,北风,微风
临平站,2019-01-23,49797,2019-01-23,12,1,晴,北风,微风
乔司南站,2019-01-23,8929,2019-01-23,12,1,晴,北风,微风
乔司站,2019-01-23,21731,2019-01-23,12,1,晴,北风,微风
九和路站,2019-01-23,36790,2019-01-23,12,1,晴,北风,微风
九堡站,2019-01-23,22335,2019-01-23,12,1,晴,北风,微风
云水站,2019-01-23,21129,2019-01-23,12,1,晴,北风,微风
人民广场站,2019-01-23,26380,2019-01-23,12,1,晴,北风,微风
人民路站,2019-01-23,22591,2019-01-23,12,1,晴,北风,微风
余杭高铁站,2019-01-23,9288,2019-01-23,12,1,晴,北风,微风
凤起路A站,2019-01-23,62316,2019-01-23,12,1,晴,北风,微风
凤起路B站,2019-01-23,26619,2019-01-23,12,1,晴,北风,微风
南星桥站,2019-01-23,23909,2019-01-23,12,1,晴,北风,微风
南苑站,2019-01-23,17113,2019-01-23,12,1,晴,北风,微风
古翠路站,2019-01-23,41744,2019-01-23,12,1,晴,北风,微风
城星路站,2019-01-23,30373,2019-01-23,12,1,晴,北风,微风
城站,2019-01-23,80966,2019-01-23,12,1,晴,北风,微风
墩祥街站,2019-01-23,23120,2019-01-23,12,1,晴,北风,微风
复兴路站,2019-01-23,8551,2019-01-23,12,1,晴,北风,微风
婺江路站,2019-01-23,21913,2019-01-23,12,1,晴,北风,微风
学院路站,2019-01-23,34415,2019-01-23,12,1,晴,北风,微风
定安路站,2019-01-23,52636,2019-01-23,12,1,晴,北风,微风
客运中心站,2019-01-23,55475,2019-01-23,12,1,晴,北风,微风
市民中心站,2019-01-23,35828,2019-01-23,12,1,晴,北风,微风
庆春广场站,2019-01-23,37358,2019-01-23,12,1,晴,北风,微风
庆菱路站,2019-01-23,25316,2019-01-23,12,1,晴,北风,微风
建国北路站,2019-01-23,32392,2019-01-23,12,1,晴,北风,微风
建设一路站,2019-01-23,13590,2019-01-23,12,1,晴,北风,微风
建设三路站,2019-01-23,21537,2019-01-23,12,1,晴,北风,微风
彭埠站,2019-01-23,49137,2019-01-23,12,1,晴,北风,微风
打铁关站,2019-01-23,45757,2019-01-23,12,1,晴,北风,微风
振宁路站,2019-01-23,26648,2019-01-23,12,1,晴,北风,微风
文新站,2019-01-23,29331,2019-01-23,12,1,晴,北风,微风
文泽路站,2019-01-23,39013,2019-01-23,12,1,晴,北风,微风
文海南路站,2019-01-23,24718,2019-01-23,12,1,晴,北风,微风
新塘站,2019-01-23,12556,2019-01-23,12,1,晴,北风,微风
新风站,2019-01-23,10117,2019-01-23,12,1,晴,北风,微风
景芳站,2019-01-23,36534,2019-01-23,12,1,晴,北风,微风
曹家桥站,2019-01-23,9665,2019-01-23,12,1,晴,北风,微风
朝阳站,2019-01-23,15918,2019-01-23,12,1,晴,北风,微风
杜甫村站,2019-01-23,17796,2019-01-23,12,1,晴,北风,微风
杨家墩站,2019-01-23,10921,2019-01-23,12,1,晴,北风,微风
杭发厂站,2019-01-23,22783,2019-01-23,12,1,晴,北风,微风
武林广场站,2019-01-23,54780,2019-01-23,12,1,晴,北风,微风
武林门站,2019-01-23,33583,2019-01-23,12,1,晴,北风,微风
水澄桥站,2019-01-23,14107,2019-01-23,12,1,晴,北风,微风
江锦路站,2019-01-23,32246,2019-01-23,12,1,晴,北风,微风
江陵路站,2019-01-23,77143,2019-01-23,12,1,晴,北风,微风
沈塘桥站,2019-01-23,38950,2019-01-23,12,1,晴,北风,微风
浦沿站,2019-01-23,13782,2019-01-23,12,1,晴,北风,微风
湘湖站,2019-01-23,23875,2019-01-23,12,1,晴,北风,微风
滨和路站,2019-01-23,28097,2019-01-23,12,1,晴,北风,微风
滨康路站,2019-01-23,14010,2019-01-23,12,1,晴,北风,微风
潘水站,2019-01-23,13174,2019-01-23,12,1,晴,北风,微风
火车东站,2019-01-23,184814,2019-01-23,12,1,晴,北风,微风
甬江路站,2019-01-23,7094,2019-01-23,12,1,晴,北风,微风
白洋站,2019-01-23,11774,2019-01-23,12,1,晴,北风,微风
盈丰路站,2019-01-23,21982,2019-01-23,12,1,晴,北风,微风
翁梅站,2019-01-23,17357,2019-01-23,12,1,晴,北风,微风
联庄站,2019-01-23,20738,2019-01-23,12,1,晴,北风,微风
良渚站,2019-01-23,13527,2019-01-23,12,1,晴,北风,微风
虾龙圩站,2019-01-23,22718,2019-01-23,12,1,晴,北风,微风
西兴站,2019-01-23,38272,2019-01-23,12,1,晴,北风,微风
西湖文化广场站,2019-01-23,56901,2019-01-23,12,1,晴,北风,微风
近江站,2019-01-23,47026,2019-01-23,12,1,晴,北风,微风
金家渡站,2019-01-23,22607,2019-01-23,12,1,晴,北风,微风
金沙湖站,2019-01-23,46768,2019-01-23,12,1,晴,北风,微风
钱江世纪城站,2019-01-23,25387,2019-01-23,12,1,晴,北风,微风
钱江路站,2019-01-23,39804,2019-01-23,12,1,晴,北风,微风
闸弄口站,2019-01-23,44728,2019-01-23,12,1,晴,北风,微风
飞虹路站,2019-01-23,21487,2019-01-23,12,1,晴,北风,微风
高沙路站,2019-01-23,26525,2019-01-23,12,1,晴,北风,微风
龙翔桥站,2019-01-23,110151,2019-01-23,12,1,晴,北风,微风
七堡站,2019-01-24,16283,2019-01-24,11,1,晴,北风,微风
三坝站,2019-01-24,30471,2019-01-24,11,1,晴,北风,微风
三墩站,2019-01-24,24682,2019-01-24,11,1,晴,北风,微风
下沙江滨站,2019-01-24,18412,2019-01-24,11,1,晴,北风,微风
下沙西站,2019-01-24,13984,2019-01-24,11,1,晴,北风,微风
中医药大学站,2019-01-24,19641,2019-01-24,11,1,晴,北风,微风
中河北路站,2019-01-24,27266,2019-01-24,11,1,晴,北风,微风
丰潭路站,2019-01-24,33169,2019-01-24,11,1,晴,北风,微风
临平站,2019-01-24,49469,2019-01-24,11,1,晴,北风,微风
乔司南站,2019-01-24,8720,2019-01-24,11,1,晴,北风,微风
乔司站,2019-01-24,21089,2019-01-24,11,1,晴,北风,微风
九和路站,2019-01-24,36924,2019-01-24,11,1,晴,北风,微风
九堡站,2019-01-24,21243,2019-01-24,11,1,晴,北风,微风
云水站,2019-01-24,20361,2019-01-24,11,1,晴,北风,微风
人民广场站,2019-01-24,28429,2019-01-24,11,1,晴,北风,微风
人民路站,2019-01-24,23468,2019-01-24,11,1,晴,北风,微风
余杭高铁站,2019-01-24,8950,2019-01-24,11,1,晴,北风,微风
凤起路A站,2019-01-24,62887,2019-01-24,11,1,晴,北风,微风
凤起路B站,2019-01-24,27614,2019-01-24,11,1,晴,北风,微风
南星桥站,2019-01-24,24102,2019-01-24,11,1,晴,北风,微风
南苑站,2019-01-24,16627,2019-01-24,11,1,晴,北风,微风
古翠路站,2019-01-24,41109,2019-01-24,11,1,晴,北风,微风
城星路站,2019-01-24,30213,2019-01-24,11,1,晴,北风,微风
城站,2019-01-24,82595,2019-01-24,11,1,晴,北风,微风
墩祥街站,2019-01-24,23492,2019-01-24,11,1,晴,北风,微风
复兴路站,2019-01-24,8423,2019-01-24,11,1,晴,北风,微风
婺江路站,2019-01-24,22084,2019-01-24,11,1,晴,北风,微风
学院路站,2019-01-24,34090,2019-01-24,11,1,晴,北风,微风
定安路站,2019-01-24,52197,2019-01-24,11,1,晴,北风,微风
客运中心站,2019-01-24,55011,2019-01-24,11,1,晴,北风,微风
市民中心站,2019-01-24,35497,2019-01-24,11,1,晴,北风,微风
庆春广场站,2019-01-24,37398,2019-01-24,11,1,晴,北风,微风
庆菱路站,2019-01-24,25762,2019-01-24,11,1,晴,北风,微风
建国北路站,2019-01-24,31517,2019-01-24,11,1,晴,北风,微风
建设一路站,2019-01-24,14052,2019-01-24,11,1,晴,北风,微风
建设三路站,2019-01-24,21033,2019-01-24,11,1,晴,北风,微风
彭埠站,2019-01-24,48532,2019-01-24,11,1,晴,北风,微风
打铁关站,2019-01-24,46048,2019-01-24,11,1,晴,北风,微风
振宁路站,2019-01-24,27151,2019-01-24,11,1,晴,北风,微风
文新站,2019-01-24,29108,2019-01-24,11,1,晴,北风,微风
文泽路站,2019-01-24,33002,2019-01-24,11,1,晴,北风,微风
文海南路站,2019-01-24,23979,2019-01-24,11,1,晴,北风,微风
新塘站,2019-01-24,12424,2019-01-24,11,1,晴,北风,微风
新风站,2019-01-24,10355,2019-01-24,11,1,晴,北风,微风
景芳站,2019-01-24,36293,2019-01-24,11,1,晴,北风,微风
曹家桥站,2019-01-24,10035,2019-01-24,11,1,晴,北风,微风
朝阳站,2019-01-24,17341,2019-01-24,11,1,晴,北风,微风
杜甫村站,2019-01-24,18504,2019-01-24,11,1,晴,北风,微风
杨家墩站,2019-01-24,10666,2019-01-24,11,1,晴,北风,微风
杭发厂站,2019-01-24,26272,2019-01-24,11,1,晴,北风,微风
武林广场站,2019-01-24,55024,2019-01-24,11,1,晴,北风,微风
武林门站,2019-01-24,33907,2019-01-24,11,1,晴,北风,微风
水澄桥站,2019-01-24,13984,2019-01-24,11,1,晴,北风,微风
江锦路站,2019-01-24,32343,2019-01-24,11,1,晴,北风,微风
江陵路站,2019-01-24,77727,2019-01-24,11,1,晴,北风,微风
沈塘桥站,2019-01-24,38250,2019-01-24,11,1,晴,北风,微风
浦沿站,2019-01-24,13581,2019-01-24,11,1,晴,北风,微风
湘湖站,2019-01-24,25365,2019-01-24,11,1,晴,北风,微风
滨和路站,2019-01-24,27319,2019-01-24,11,1,晴,北风,微风
滨康路站,2019-01-24,13718,2019-01-24,11,1,晴,北风,微风
潘水站,2019-01-24,14049,2019-01-24,11,1,晴,北风,微风
火车东站,2019-01-24,183613,2019-01-24,11,1,晴,北风,微风
甬江路站,2019-01-24,7152,2019-01-24,11,1,晴,北风,微风
白洋站,2019-01-24,11352,2019-01-24,11,1,晴,北风,微风
盈丰路站,2019-01-24,21885,2019-01-24,11,1,晴,北风,微风
翁梅站,2019-01-24,17248,2019-01-24,11,1,晴,北风,微风
联庄站,2019-01-24,20690,2019-01-24,11,1,晴,北风,微风
良渚站,2019-01-24,13700,2019-01-24,11,1,晴,北风,微风
虾龙圩站,2019-01-24,22419,2019-01-24,11,1,晴,北风,微风
西兴站,2019-01-24,38067,2019-01-24,11,1,晴,北风,微风
西湖文化广场站,2019-01-24,57024,2019-01-24,11,1,晴,北风,微风
近江站,2019-01-24,47833,2019-01-24,11,1,晴,北风,微风
金家渡站,2019-01-24,22720,2019-01-24,11,1,晴,北风,微风
金沙湖站,2019-01-24,45066,2019-01-24,11,1,晴,北风,微风
钱江世纪城站,2019-01-24,25237,2019-01-24,11,1,晴,北风,微风
钱江路站,2019-01-24,40649,2019-01-24,11,1,晴,北风,微风
闸弄口站,2019-01-24,43476,2019-01-24,11,1,晴,北风,微风
飞虹路站,2019-01-24,21769,2019-01-24,11,1,晴,北风,微风
高沙路站,2019-01-24,22917,2019-01-24,11,1,晴,北风,微风
龙翔桥站,2019-01-24,111312,2019-01-24,11,1,晴,北风,微风
七堡站,2019-01-25,16175,2019-01-25,9,2,多云,北风,微风
三坝站,2019-01-25,32056,2019-01-25,9,2,多云,北风,微风
三墩站,2019-01-25,24719,2019-01-25,9,2,多云,北风,微风
下沙江滨站,2019-01-25,18811,2019-01-25,9,2,多云,北风,微风
下沙西站,2019-01-25,13848,2019-01-25,9,2,多云,北风,微风
中医药大学站,2019-01-25,20469,2019-01-25,9,2,多云,北风,微风
中河北路站,2019-01-25,26819,2019-01-25,9,2,多云,北风,微风
丰潭路站,2019-01-25,34217,2019-01-25,9,2,多云,北风,微风
临平站,2019-01-25,50149,2019-01-25,9,2,多云,北风,微风
乔司南站,2019-01-25,8580,2019-01-25,9,2,多云,北风,微风
乔司站,2019-01-25,21316,2019-01-25,9,2,多云,北风,微风
九和路站,2019-01-25,36100,2019-01-25,9,2,多云,北风,微风
九堡站,2019-01-25,21874,2019-01-25,9,2,多云,北风,微风
云水站,2019-01-25,20279,2019-01-25,9,2,多云,北风,微风
人民广场站,2019-01-25,28440,2019-01-25,9,2,多云,北风,微风
人民路站,2019-01-25,23795,2019-01-25,9,2,多云,北风,微风
余杭高铁站,2019-01-25,9223,2019-01-25,9,2,多云,北风,微风
凤起路A站,2019-01-25,64640,2019-01-25,9,2,多云,北风,微风
凤起路B站,2019-01-25,28153,2019-01-25,9,2,多云,北风,微风
南星桥站,2019-01-25,24374,2019-01-25,9,2,多云,北风,微风
南苑站,2019-01-25,16784,2019-01-25,9,2,多云,北风,微风
古翠路站,2019-01-25,42435,2019-01-25,9,2,多云,北风,微风
城星路站,2019-01-25,29484,2019-01-25,9,2,多云,北风,微风
城站,2019-01-25,88011,2019-01-25,9,2,多云,北风,微风
墩祥街站,2019-01-25,24024,2019-01-25,9,2,多云,北风,微风
复兴路站,2019-01-25,8717,2019-01-25,9,2,多云,北风,微风
婺江路站,2019-01-25,23426,2019-01-25,9,2,多云,北风,微风
学院路站,2019-01-25,35937,2019-01-25,9,2,多云,北风,微风
定安路站,2019-01-25,54556,2019-01-25,9,2,多云,北风,微风
客运中心站,2019-01-25,56059,2019-01-25,9,2,多云,北风,微风
市民中心站,2019-01-25,36318,2019-01-25,9,2,多云,北风,微风
庆春广场站,2019-01-25,37844,2019-01-25,9,2,多云,北风,微风
庆菱路站,2019-01-25,26525,2019-01-25,9,2,多云,北风,微风
建国北路站,2019-01-25,32508,2019-01-25,9,2,多云,北风,微风
建设一路站,2019-01-25,14041,2019-01-25,9,2,多云,北风,微风
建设三路站,2019-01-25,21580,2019-01-25,9,2,多云,北风,微风
彭埠站,2019-01-25,48664,2019-01-25,9,2,多云,北风,微风
打铁关站,2019-01-25,47571,2019-01-25,9,2,多云,北风,微风
振宁路站,2019-01-25,27514,2019-01-25,9,2,多云,北风,微风
文新站,2019-01-25,30984,2019-01-25,9,2,多云,北风,微风
文泽路站,2019-01-25,31078,2019-01-25,9,2,多云,北风,微风
文海南路站,2019-01-25,23653,2019-01-25,9,2,多云,北风,微风
新塘站,2019-01-25,11620,2019-01-25,9,2,多云,北风,微风
新风站,2019-01-25,10274,2019-01-25,9,2,多云,北风,微风
景芳站,2019-01-25,36588,2019-01-25,9,2,多云,北风,微风
曹家桥站,2019-01-25,9988,2019-01-25,9,2,多云,北风,微风
朝阳站,2019-01-25,17061,2019-01-25,9,2,多云,北风,微风
杜甫村站,2019-01-25,18430,2019-01-25,9,2,多云,北风,微风
杨家墩站,2019-01-25,10950,2019-01-25,9,2,多云,北风,微风
杭发厂站,2019-01-25,26743,2019-01-25,9,2,多云,北风,微风
武林广场站,2019-01-25,58256,2019-01-25,9,2,多云,北风,微风
武林门站,2019-01-25,34136,2019-01-25,9,2,多云,北风,微风
水澄桥站,2019-01-25,15061,2019-01-25,9,2,多云,北风,微风
江锦路站,2019-01-25,32895,2019-01-25,9,2,多云,北风,微风
江陵路站,2019-01-25,78327,2019-01-25,9,2,多云,北风,微风
沈塘桥站,2019-01-25,39744,2019-01-25,9,2,多云,北风,微风
浦沿站,2019-01-25,13881,2019-01-25,9,2,多云,北风,微风
湘湖站,2019-01-25,25055,2019-01-25,9,2,多云,北风,微风
滨和路站,2019-01-25,28001,2019-01-25,9,2,多云,北风,微风
滨康路站,2019-01-25,14146,2019-01-25,9,2,多云,北风,微风
潘水站,2019-01-25,14135,2019-01-25,9,2,多云,北风,微风
火车东站,2019-01-25,203061,2019-01-25,9,2,多云,北风,微风
甬江路站,2019-01-25,7103,2019-01-25,9,2,多云,北风,微风
白洋站,2019-01-25,11269,2019-01-25,9,2,多云,北风,微风
盈丰路站,2019-01-25,21477,2019-01-25,9,2,多云,北风,微风
翁梅站,2019-01-25,16429,2019-01-25,9,2,多云,北风,微风
联庄站,2019-01-25,21200,2019-01-25,9,2,多云,北风,微风
良渚站,2019-01-25,14110,2019-01-25,9,2,多云,北风,微风
虾龙圩站,2019-01-25,23708,2019-01-25,9,2,多云,北风,微风
西兴站,2019-01-25,39280,2019-01-25,9,2,多云,北风,微风
西湖文化广场站,2019-01-25,59018,2019-01-25,9,2,多云,北风,微风
近江站,2019-01-25,47841,2019-01-25,9,2,多云,北风,微风
金家渡站,2019-01-25,23173,2019-01-25,9,2,多云,北风,微风
金沙湖站,2019-01-25,45344,2019-01-25,9,2,多云,北风,微风
钱江世纪城站,2019-01-25,26219,2019-01-25,9,2,多云,北风,微风
钱江路站,2019-01-25,41002,2019-01-25,9,2,多云,北风,微风
闸弄口站,2019-01-25,45306,2019-01-25,9,2,多云,北风,微风
飞虹路站,2019-01-25,21617,2019-01-25,9,2,多云,北风,微风
高沙路站,2019-01-25,20331,2019-01-25,9,2,多云,北风,微风
龙翔桥站,2019-01-25,111653,2019-01-25,9,2,多云,北风,微风
